[ {
  "referendumId" : "6b503cfd-168e-49dd-bf26-365ea6ae5e9f",
  "payload" : "POSThttps://s1.tst.sora.soramitsu.co.jp/project/v1/referendum/6b503cfd-168e-49dd-bf26-365ea6ae5e9f/support?votes=4491600794822151did:sora:12861bf15a08881335fddid:sora:12861bf15a08881335fd#keys-1",
  "signatureHex" : "afa82c737cfd823b6449bb213b5e596acedeaa40781fb1c3b9c4a72a735c2e3f20237ab9bce91c4edcf0b012932ab43ad228fe46790788b8a1115ce8f680670e",
  "isSupport" : true,
  "givenVotes" : 449,
  "authId" : "did:sora:12861bf15a08881335fd",
  "publicKeyId" : "did:sora:12861bf15a08881335fd#keys-1",
  "authTimestamp" : "2020-09-22T17:13:42.151Z"
}, {
  "referendumId" : "6b503cfd-168e-49dd-bf26-365ea6ae5e9f",
  "payload" : "POSThttps://s1.tst.sora.soramitsu.co.jp/project/v1/referendum/6b503cfd-168e-49dd-bf26-365ea6ae5e9f/support?votes=41600786644531did:sora:99e45b03277ea65f11dedid:sora:99e45b03277ea65f11de#keys-1",
  "signatureHex" : "e8cd7723d6143ced9a9d0d3dba17f5130197c5ce15da57fb3b72e4c384ae0998799a807dfcf1324ad8bf267cafc4fc43b2f75b0ecbb06994ad4e436f10face0f",
  "isSupport" : true,
  "givenVotes" : 4,
  "authId" : "did:sora:99e45b03277ea65f11de",
  "publicKeyId" : "did:sora:99e45b03277ea65f11de#keys-1",
  "authTimestamp" : "2020-09-22T14:57:24.531Z"
}, {
  "referendumId" : "6b503cfd-168e-49dd-bf26-365ea6ae5e9f",
  "payload" : "POSThttps://s1.tst.sora.soramitsu.co.jp/project/v1/referendum/6b503cfd-168e-49dd-bf26-365ea6ae5e9f/oppose?votes=21600786647565did:sora:99e45b03277ea65f11dedid:sora:99e45b03277ea65f11de#keys-1",
  "signatureHex" : "f5e691b40c728302508d62986c4faf4a5bd756bf1a7d7bc8273b5406ebb49cf454405d4fd71e877a49bb260944e1d67b219e516749d380efd8ff1c5bd7cc9700",
  "isSupport" : false,
  "givenVotes" : 2,
  "authId" : "did:sora:99e45b03277ea65f11de",
  "publicKeyId" : "did:sora:99e45b03277ea65f11de#keys-1",
  "authTimestamp" : "2020-09-22T14:57:27.565Z"
}, {
  "referendumId" : "6b503cfd-168e-49dd-bf26-365ea6ae5e9f",
  "payload" : "POSThttps://s1.tst.sora.soramitsu.co.jp/project/v1/referendum/6b503cfd-168e-49dd-bf26-365ea6ae5e9f/support?votes=931600786689423did:sora:84907f47bc102a0ca817did:sora:84907f47bc102a0ca817#keys-1",
  "signatureHex" : "b67d0cbbca1120a9ff8c3921133458eefbed9429f7826bd7174710aae73095295a20eda5debeea9a6d906bf81c16307919b1074748be15d37fc736403c42ee04",
  "isSupport" : true,
  "givenVotes" : 93,
  "authId" : "did:sora:84907f47bc102a0ca817",
  "publicKeyId" : "did:sora:84907f47bc102a0ca817#keys-1",
  "authTimestamp" : "2020-09-22T14:58:09.423Z"
}, {
  "referendumId" : "6b503cfd-168e-49dd-bf26-365ea6ae5e9f",
  "payload" : "POSThttps://s1.tst.sora.soramitsu.co.jp/project/v1/referendum/6b503cfd-168e-49dd-bf26-365ea6ae5e9f/support?votes=11600786783883did:sora:84907f47bc102a0ca817did:sora:84907f47bc102a0ca817#keys-1",
  "signatureHex" : "43e4269a9307e337e62f9c93a00ea3b1d39de3f598742d05d8cf63a897e351f069b64f229cbbc3a54daa2ca684d2186b60eba7692ffe816ba3d39a1ee4da8001",
  "isSupport" : true,
  "givenVotes" : 1,
  "authId" : "did:sora:84907f47bc102a0ca817",
  "publicKeyId" : "did:sora:84907f47bc102a0ca817#keys-1",
  "authTimestamp" : "2020-09-22T14:59:43.883Z"
}, {
  "referendumId" : "6b503cfd-168e-49dd-bf26-365ea6ae5e9f",
  "payload" : "POSThttps://s1.tst.sora.soramitsu.co.jp/project/v1/referendum/6b503cfd-168e-49dd-bf26-365ea6ae5e9f/support?votes=201600751896900did:sora:3f749ced8a2c63b23689did:sora:3f749ced8a2c63b23689#keys-1",
  "signatureHex" : "4c148bae1e35dc62f4643e937a1fae89f642308b5544f4f536057ae4d35d12ce76f1985ee21d87b6150623ac002968ae453f72bec3a49b06a19c234f08a4230c",
  "isSupport" : true,
  "givenVotes" : 20,
  "authId" : "did:sora:3f749ced8a2c63b23689",
  "publicKeyId" : "did:sora:3f749ced8a2c63b23689#keys-1",
  "authTimestamp" : "2020-09-22T05:18:16.900Z"
}, {
  "referendumId" : "6b503cfd-168e-49dd-bf26-365ea6ae5e9f",
  "payload" : "POSThttps://s1.tst.sora.soramitsu.co.jp/project/v1/referendum/6b503cfd-168e-49dd-bf26-365ea6ae5e9f/support?votes=201600761970735did:sora:acc51cce61cc06c0a16bdid:sora:acc51cce61cc06c0a16b#keys-1",
  "signatureHex" : "05059fbe07b4027d511d7719e293d1cca74da82d34dbd91bdaee6a5b4a49be1470f46f2ab0d75bb149911cfb3e3b2a78ec859f311a5e3459a47d7960219e2807",
  "isSupport" : true,
  "givenVotes" : 20,
  "authId" : "did:sora:acc51cce61cc06c0a16b",
  "publicKeyId" : "did:sora:acc51cce61cc06c0a16b#keys-1",
  "authTimestamp" : "2020-09-22T08:06:10.735Z"
}, {
  "referendumId" : "6b503cfd-168e-49dd-bf26-365ea6ae5e9f",
  "payload" : "POSThttps://s1.tst.sora.soramitsu.co.jp/project/v1/referendum/6b503cfd-168e-49dd-bf26-365ea6ae5e9f/support?votes=231600762439968did:sora:cf24054b81059bb47bdcdid:sora:cf24054b81059bb47bdc#keys-1",
  "signatureHex" : "268dfdd5974e14feb7f399507c09cd241940def9239bef48b7ad5f02568cf1000e695ff4ea33e0b673302c91b6a5c55f3dac20f201733ea5e0472627592ca70c",
  "isSupport" : true,
  "givenVotes" : 23,
  "authId" : "did:sora:cf24054b81059bb47bdc",
  "publicKeyId" : "did:sora:cf24054b81059bb47bdc#keys-1",
  "authTimestamp" : "2020-09-22T08:13:59.968Z"
}, {
  "referendumId" : "6b503cfd-168e-49dd-bf26-365ea6ae5e9f",
  "payload" : "POSThttps://s1.tst.sora.soramitsu.co.jp/project/v1/referendum/6b503cfd-168e-49dd-bf26-365ea6ae5e9f/oppose?votes=21600762443670did:sora:cf24054b81059bb47bdcdid:sora:cf24054b81059bb47bdc#keys-1",
  "signatureHex" : "88c2db61c8a0fb020edb0ea9c41fc1baebe4eb79db649bad56b21c8f9171264fe6fe1bb0b60d567ce8f07d251d6eccbc92d66e0850b0d374b0fdca57e03b220e",
  "isSupport" : false,
  "givenVotes" : 2,
  "authId" : "did:sora:cf24054b81059bb47bdc",
  "publicKeyId" : "did:sora:cf24054b81059bb47bdc#keys-1",
  "authTimestamp" : "2020-09-22T08:14:03.670Z"
}, {
  "referendumId" : "6b503cfd-168e-49dd-bf26-365ea6ae5e9f",
  "payload" : "POSThttps://s1.tst.sora.soramitsu.co.jp/project/v1/referendum/6b503cfd-168e-49dd-bf26-365ea6ae5e9f/support?votes=2391600764435053did:sora:57ffbcd43477eb567cd5did:sora:57ffbcd43477eb567cd5#keys-1",
  "signatureHex" : "d632ccc5a4fcbbfc546cb5394729563761949a110545426570a6becea4a2988e8ffb2746390b0cfd89384bd6622b5c810a40394c469a87706d7de6df1508ab00",
  "isSupport" : true,
  "givenVotes" : 239,
  "authId" : "did:sora:57ffbcd43477eb567cd5",
  "publicKeyId" : "did:sora:57ffbcd43477eb567cd5#keys-1",
  "authTimestamp" : "2020-09-22T08:47:15.053Z"
}, {
  "referendumId" : "6b503cfd-168e-49dd-bf26-365ea6ae5e9f",
  "payload" : "POSThttps://s1.tst.sora.soramitsu.co.jp/project/v1/referendum/6b503cfd-168e-49dd-bf26-365ea6ae5e9f/support?votes=11600764905455did:sora:b70234fbb7fa2f2c99c8did:sora:b70234fbb7fa2f2c99c8#keys-1",
  "signatureHex" : "3f2ac32e310664bcdb96ab4cdfaec3f1796b4a4a21d6a8f603e5e8ffa5727e258c6384d9f890050c758106a5e0925c21ab1b38fdff2ee7d6f233e74be090b208",
  "isSupport" : true,
  "givenVotes" : 1,
  "authId" : "did:sora:b70234fbb7fa2f2c99c8",
  "publicKeyId" : "did:sora:b70234fbb7fa2f2c99c8#keys-1",
  "authTimestamp" : "2020-09-22T08:55:05.455Z"
}, {
  "referendumId" : "6b503cfd-168e-49dd-bf26-365ea6ae5e9f",
  "payload" : "POSThttps://s1.tst.sora.soramitsu.co.jp/project/v1/referendum/6b503cfd-168e-49dd-bf26-365ea6ae5e9f/support?votes=11600764950335did:sora:b70234fbb7fa2f2c99c8did:sora:b70234fbb7fa2f2c99c8#keys-1",
  "signatureHex" : "0b7e41addc4dbbaaee6c9150783182917ec44678e27c9745832a08f8d83027c7d7fee520e432f44124ceb86bc3e60c355bd94beba76f4826c4417529cbb72604",
  "isSupport" : true,
  "givenVotes" : 1,
  "authId" : "did:sora:b70234fbb7fa2f2c99c8",
  "publicKeyId" : "did:sora:b70234fbb7fa2f2c99c8#keys-1",
  "authTimestamp" : "2020-09-22T08:55:50.335Z"
}, {
  "referendumId" : "6b503cfd-168e-49dd-bf26-365ea6ae5e9f",
  "payload" : "POSThttps://s1.tst.sora.soramitsu.co.jp/project/v1/referendum/6b503cfd-168e-49dd-bf26-365ea6ae5e9f/support?votes=11600764952290did:sora:b70234fbb7fa2f2c99c8did:sora:b70234fbb7fa2f2c99c8#keys-1",
  "signatureHex" : "29c03af60992ad9902981ab952c8e82909c01e5c081d551e028bda805dadc4e047871f152feba033e03d513c4960326aa2697bbe73e676705c4288a79668500f",
  "isSupport" : true,
  "givenVotes" : 1,
  "authId" : "did:sora:b70234fbb7fa2f2c99c8",
  "publicKeyId" : "did:sora:b70234fbb7fa2f2c99c8#keys-1",
  "authTimestamp" : "2020-09-22T08:55:52.290Z"
}, {
  "referendumId" : "6b503cfd-168e-49dd-bf26-365ea6ae5e9f",
  "payload" : "POSThttps://s1.tst.sora.soramitsu.co.jp/project/v1/referendum/6b503cfd-168e-49dd-bf26-365ea6ae5e9f/oppose?votes=11600764958773did:sora:b70234fbb7fa2f2c99c8did:sora:b70234fbb7fa2f2c99c8#keys-1",
  "signatureHex" : "89009f53ce80ae1204dd7fd0dbd9c1e3235d610119a8d5615a1b6e397d1b054beca25c7ced4cccd87bbca3e8854151045903fd8b4731e21d56e3d5f055328a0e",
  "isSupport" : false,
  "givenVotes" : 1,
  "authId" : "did:sora:b70234fbb7fa2f2c99c8",
  "publicKeyId" : "did:sora:b70234fbb7fa2f2c99c8#keys-1",
  "authTimestamp" : "2020-09-22T08:55:58.773Z"
}, {
  "referendumId" : "6b503cfd-168e-49dd-bf26-365ea6ae5e9f",
  "payload" : "POSThttps://s1.tst.sora.soramitsu.co.jp/project/v1/referendum/6b503cfd-168e-49dd-bf26-365ea6ae5e9f/oppose?votes=11600764963809did:sora:b70234fbb7fa2f2c99c8did:sora:b70234fbb7fa2f2c99c8#keys-1",
  "signatureHex" : "e93fdea36dd7f56da62f6b98ffc64d6984ec6a5e8cdffa76aa2966211471069b17aca803f6496cd4b941c16634b85520c51b856b77d36aaf8f951054d122e80e",
  "isSupport" : false,
  "givenVotes" : 1,
  "authId" : "did:sora:b70234fbb7fa2f2c99c8",
  "publicKeyId" : "did:sora:b70234fbb7fa2f2c99c8#keys-1",
  "authTimestamp" : "2020-09-22T08:56:03.809Z"
}, {
  "referendumId" : "6b503cfd-168e-49dd-bf26-365ea6ae5e9f",
  "payload" : "POSThttps://s1.tst.sora.soramitsu.co.jp/project/v1/referendum/6b503cfd-168e-49dd-bf26-365ea6ae5e9f/oppose?votes=11600764965839did:sora:b70234fbb7fa2f2c99c8did:sora:b70234fbb7fa2f2c99c8#keys-1",
  "signatureHex" : "712eaa9c7b89e3488fd2e034f588c15736a80dd1e0247cb5bc6cd365b539ae88a182722d7876450dd4adba52412c3c20dcd3091d2b68ae8a37f66c354fdd8703",
  "isSupport" : false,
  "givenVotes" : 1,
  "authId" : "did:sora:b70234fbb7fa2f2c99c8",
  "publicKeyId" : "did:sora:b70234fbb7fa2f2c99c8#keys-1",
  "authTimestamp" : "2020-09-22T08:56:05.839Z"
}, {
  "referendumId" : "6b503cfd-168e-49dd-bf26-365ea6ae5e9f",
  "payload" : "POSThttps://s1.tst.sora.soramitsu.co.jp/project/v1/referendum/6b503cfd-168e-49dd-bf26-365ea6ae5e9f/oppose?votes=11600764968591did:sora:b70234fbb7fa2f2c99c8did:sora:b70234fbb7fa2f2c99c8#keys-1",
  "signatureHex" : "0ae9306aa5f65abe3ff040434c436d4607fbd40f0f0eb0d52e0fbdde6c4eb82c5c1bf60eed27503ac919a5239f14ca1a79de3311e27b78a155f7aea0f762b70d",
  "isSupport" : false,
  "givenVotes" : 1,
  "authId" : "did:sora:b70234fbb7fa2f2c99c8",
  "publicKeyId" : "did:sora:b70234fbb7fa2f2c99c8#keys-1",
  "authTimestamp" : "2020-09-22T08:56:08.591Z"
}, {
  "referendumId" : "6b503cfd-168e-49dd-bf26-365ea6ae5e9f",
  "payload" : "POSThttps://s1.tst.sora.soramitsu.co.jp/project/v1/referendum/6b503cfd-168e-49dd-bf26-365ea6ae5e9f/oppose?votes=11600764969840did:sora:b70234fbb7fa2f2c99c8did:sora:b70234fbb7fa2f2c99c8#keys-1",
  "signatureHex" : "46295deae9775e948255124d2b5c519da68a585f3f352801a025c12a5b09c7b70e49b34cc89b04e42c30dd5d4b5f218fd6746c9761e97c239241fd83d3ec090e",
  "isSupport" : false,
  "givenVotes" : 1,
  "authId" : "did:sora:b70234fbb7fa2f2c99c8",
  "publicKeyId" : "did:sora:b70234fbb7fa2f2c99c8#keys-1",
  "authTimestamp" : "2020-09-22T08:56:09.840Z"
}, {
  "referendumId" : "6b503cfd-168e-49dd-bf26-365ea6ae5e9f",
  "payload" : "POSThttps://s1.tst.sora.soramitsu.co.jp/project/v1/referendum/6b503cfd-168e-49dd-bf26-365ea6ae5e9f/oppose?votes=11600764971375did:sora:b70234fbb7fa2f2c99c8did:sora:b70234fbb7fa2f2c99c8#keys-1",
  "signatureHex" : "446ec91a8872f7bb1e5b6efcca98e6cbe8cb570ab84ca022b7f830689c6fbc871b4c823957ed2590f733c483d7523753a92a4eca0e9f6074a095c29d39ea1004",
  "isSupport" : false,
  "givenVotes" : 1,
  "authId" : "did:sora:b70234fbb7fa2f2c99c8",
  "publicKeyId" : "did:sora:b70234fbb7fa2f2c99c8#keys-1",
  "authTimestamp" : "2020-09-22T08:56:11.375Z"
}, {
  "referendumId" : "6b503cfd-168e-49dd-bf26-365ea6ae5e9f",
  "payload" : "POSThttps://s1.tst.sora.soramitsu.co.jp/project/v1/referendum/6b503cfd-168e-49dd-bf26-365ea6ae5e9f/oppose?votes=11600764972808did:sora:b70234fbb7fa2f2c99c8did:sora:b70234fbb7fa2f2c99c8#keys-1",
  "signatureHex" : "a952eddb8523de2b23ad61a49ebcd12a0d2e5a629c4135c7d1c32fcec76889392464de691d4c0265e16345d2dc8a92691d9844b0c44f68bf0608cfe3582ea90a",
  "isSupport" : false,
  "givenVotes" : 1,
  "authId" : "did:sora:b70234fbb7fa2f2c99c8",
  "publicKeyId" : "did:sora:b70234fbb7fa2f2c99c8#keys-1",
  "authTimestamp" : "2020-09-22T08:56:12.808Z"
}, {
  "referendumId" : "6b503cfd-168e-49dd-bf26-365ea6ae5e9f",
  "payload" : "POSThttps://s1.tst.sora.soramitsu.co.jp/project/v1/referendum/6b503cfd-168e-49dd-bf26-365ea6ae5e9f/oppose?votes=11600764974274did:sora:b70234fbb7fa2f2c99c8did:sora:b70234fbb7fa2f2c99c8#keys-1",
  "signatureHex" : "adab89d8bb394d6ed4f079065788356a34a069fca42d8cd24216c151a2020b70a31ba8288b5ebc7bd2c15434b4d966c72de861dd66eb8b87ca07be65d31dd50a",
  "isSupport" : false,
  "givenVotes" : 1,
  "authId" : "did:sora:b70234fbb7fa2f2c99c8",
  "publicKeyId" : "did:sora:b70234fbb7fa2f2c99c8#keys-1",
  "authTimestamp" : "2020-09-22T08:56:14.274Z"
}, {
  "referendumId" : "6b503cfd-168e-49dd-bf26-365ea6ae5e9f",
  "payload" : "POSThttps://s1.tst.sora.soramitsu.co.jp/project/v1/referendum/6b503cfd-168e-49dd-bf26-365ea6ae5e9f/support?votes=11600764975940did:sora:b70234fbb7fa2f2c99c8did:sora:b70234fbb7fa2f2c99c8#keys-1",
  "signatureHex" : "6e63ae5c38f6617c1ea801d8f1223fda594c01c93031186c07d74beba926bcc22d99dba50ccee646e537e322e1253cb1b98e6d5349ebcebceda637065bb25300",
  "isSupport" : true,
  "givenVotes" : 1,
  "authId" : "did:sora:b70234fbb7fa2f2c99c8",
  "publicKeyId" : "did:sora:b70234fbb7fa2f2c99c8#keys-1",
  "authTimestamp" : "2020-09-22T08:56:15.940Z"
}, {
  "referendumId" : "6b503cfd-168e-49dd-bf26-365ea6ae5e9f",
  "payload" : "POSThttps://s1.tst.sora.soramitsu.co.jp/project/v1/referendum/6b503cfd-168e-49dd-bf26-365ea6ae5e9f/support?votes=11600764977425did:sora:b70234fbb7fa2f2c99c8did:sora:b70234fbb7fa2f2c99c8#keys-1",
  "signatureHex" : "69074281fe47aeecb2446ed2ec7099f49ace926b199ffd9295f240df80d93502be07bdf82377d394eabdcb85460aa3c9506a868b409f2f7f8d25222678d7d00e",
  "isSupport" : true,
  "givenVotes" : 1,
  "authId" : "did:sora:b70234fbb7fa2f2c99c8",
  "publicKeyId" : "did:sora:b70234fbb7fa2f2c99c8#keys-1",
  "authTimestamp" : "2020-09-22T08:56:17.425Z"
}, {
  "referendumId" : "6b503cfd-168e-49dd-bf26-365ea6ae5e9f",
  "payload" : "POSThttps://s1.tst.sora.soramitsu.co.jp/project/v1/referendum/6b503cfd-168e-49dd-bf26-365ea6ae5e9f/support?votes=11600764978859did:sora:b70234fbb7fa2f2c99c8did:sora:b70234fbb7fa2f2c99c8#keys-1",
  "signatureHex" : "8dcdd9df7eccdfe4a2fa7b9b671eef164365ec93a45417bec21f7d9b3169495d8265e2c7291746a23c0401bd42df0e52c554bf1a7057370aa4e3c4c0a716ec09",
  "isSupport" : true,
  "givenVotes" : 1,
  "authId" : "did:sora:b70234fbb7fa2f2c99c8",
  "publicKeyId" : "did:sora:b70234fbb7fa2f2c99c8#keys-1",
  "authTimestamp" : "2020-09-22T08:56:18.859Z"
}, {
  "referendumId" : "6b503cfd-168e-49dd-bf26-365ea6ae5e9f",
  "payload" : "POSThttps://s1.tst.sora.soramitsu.co.jp/project/v1/referendum/6b503cfd-168e-49dd-bf26-365ea6ae5e9f/support?votes=11600764980392did:sora:b70234fbb7fa2f2c99c8did:sora:b70234fbb7fa2f2c99c8#keys-1",
  "signatureHex" : "e981eac852d4bb375370368cf02e0c7830a8dd398c98d8930ce1025c243aefcd590f1aabef46be9d5f76b256153003ab27b8cc88a81a0430055abaf3814a1702",
  "isSupport" : true,
  "givenVotes" : 1,
  "authId" : "did:sora:b70234fbb7fa2f2c99c8",
  "publicKeyId" : "did:sora:b70234fbb7fa2f2c99c8#keys-1",
  "authTimestamp" : "2020-09-22T08:56:20.392Z"
}, {
  "referendumId" : "6b503cfd-168e-49dd-bf26-365ea6ae5e9f",
  "payload" : "POSThttps://s1.tst.sora.soramitsu.co.jp/project/v1/referendum/6b503cfd-168e-49dd-bf26-365ea6ae5e9f/support?votes=11600764982659did:sora:b70234fbb7fa2f2c99c8did:sora:b70234fbb7fa2f2c99c8#keys-1",
  "signatureHex" : "d2fb864703738f57d24fc5028e44500f095151775fea5b28c1b5573d5fd347748a4c3cff553ae7cb78fc419cc1ce7d7f69315dc4bdb53da54d86856b78926802",
  "isSupport" : true,
  "givenVotes" : 1,
  "authId" : "did:sora:b70234fbb7fa2f2c99c8",
  "publicKeyId" : "did:sora:b70234fbb7fa2f2c99c8#keys-1",
  "authTimestamp" : "2020-09-22T08:56:22.659Z"
}, {
  "referendumId" : "6b503cfd-168e-49dd-bf26-365ea6ae5e9f",
  "payload" : "POSThttps://s1.tst.sora.soramitsu.co.jp/project/v1/referendum/6b503cfd-168e-49dd-bf26-365ea6ae5e9f/oppose?votes=11600764983659did:sora:b70234fbb7fa2f2c99c8did:sora:b70234fbb7fa2f2c99c8#keys-1",
  "signatureHex" : "2258f881f48613ffe9741fab418d7afd18c6721d49800d8fca9ca483117aed81a932412b2d851cfcd0da0d71d93e6002865edf30620045e738fb6ba06a3e6b0b",
  "isSupport" : false,
  "givenVotes" : 1,
  "authId" : "did:sora:b70234fbb7fa2f2c99c8",
  "publicKeyId" : "did:sora:b70234fbb7fa2f2c99c8#keys-1",
  "authTimestamp" : "2020-09-22T08:56:23.659Z"
}, {
  "referendumId" : "6b503cfd-168e-49dd-bf26-365ea6ae5e9f",
  "payload" : "POSThttps://s1.tst.sora.soramitsu.co.jp/project/v1/referendum/6b503cfd-168e-49dd-bf26-365ea6ae5e9f/oppose?votes=11600764984542did:sora:b70234fbb7fa2f2c99c8did:sora:b70234fbb7fa2f2c99c8#keys-1",
  "signatureHex" : "0cab834469110190f0135d1b8b4ced38f38686ba8be467a2e93737a0f640ac51a2a30647ae1b73fc5865514599373f303a69e44d6590cfeaa36a381af5da1c05",
  "isSupport" : false,
  "givenVotes" : 1,
  "authId" : "did:sora:b70234fbb7fa2f2c99c8",
  "publicKeyId" : "did:sora:b70234fbb7fa2f2c99c8#keys-1",
  "authTimestamp" : "2020-09-22T08:56:24.542Z"
}, {
  "referendumId" : "6b503cfd-168e-49dd-bf26-365ea6ae5e9f",
  "payload" : "POSThttps://s1.tst.sora.soramitsu.co.jp/project/v1/referendum/6b503cfd-168e-49dd-bf26-365ea6ae5e9f/oppose?votes=11600764985509did:sora:b70234fbb7fa2f2c99c8did:sora:b70234fbb7fa2f2c99c8#keys-1",
  "signatureHex" : "b77e7868222b2106293c736beb7094bf17509221e09ef80196bd551a1c9779e65ef38615af1bd62cddec98c5e740b937f6826d624eedce5b881a35d47a448d05",
  "isSupport" : false,
  "givenVotes" : 1,
  "authId" : "did:sora:b70234fbb7fa2f2c99c8",
  "publicKeyId" : "did:sora:b70234fbb7fa2f2c99c8#keys-1",
  "authTimestamp" : "2020-09-22T08:56:25.509Z"
}, {
  "referendumId" : "6b503cfd-168e-49dd-bf26-365ea6ae5e9f",
  "payload" : "POSThttps://s1.tst.sora.soramitsu.co.jp/project/v1/referendum/6b503cfd-168e-49dd-bf26-365ea6ae5e9f/support?votes=11600764987993did:sora:b70234fbb7fa2f2c99c8did:sora:b70234fbb7fa2f2c99c8#keys-1",
  "signatureHex" : "25b69fc958144fff140dbb68fbeb7b1dc3c533e16b15663ae23a1cb71635b82c0b9ca34d115af3d84a6870b7ea99772a26eb65c243ca1873a5e129f37b999d01",
  "isSupport" : true,
  "givenVotes" : 1,
  "authId" : "did:sora:b70234fbb7fa2f2c99c8",
  "publicKeyId" : "did:sora:b70234fbb7fa2f2c99c8#keys-1",
  "authTimestamp" : "2020-09-22T08:56:27.993Z"
}, {
  "referendumId" : "6b503cfd-168e-49dd-bf26-365ea6ae5e9f",
  "payload" : "POSThttps://s1.tst.sora.soramitsu.co.jp/project/v1/referendum/6b503cfd-168e-49dd-bf26-365ea6ae5e9f/support?votes=11600764993676did:sora:b70234fbb7fa2f2c99c8did:sora:b70234fbb7fa2f2c99c8#keys-1",
  "signatureHex" : "673a12d0d9fa26644c833b8ef1794bdb90e0c446005966f89a465722b9ab8717448acb051da7683ffa33219b63b775605e6ef985a9f5aaeacf2d1b9a4a59660e",
  "isSupport" : true,
  "givenVotes" : 1,
  "authId" : "did:sora:b70234fbb7fa2f2c99c8",
  "publicKeyId" : "did:sora:b70234fbb7fa2f2c99c8#keys-1",
  "authTimestamp" : "2020-09-22T08:56:33.676Z"
}, {
  "referendumId" : "6b503cfd-168e-49dd-bf26-365ea6ae5e9f",
  "payload" : "POSThttps://s1.tst.sora.soramitsu.co.jp/project/v1/referendum/6b503cfd-168e-49dd-bf26-365ea6ae5e9f/support?votes=11600765015278did:sora:b70234fbb7fa2f2c99c8did:sora:b70234fbb7fa2f2c99c8#keys-1",
  "signatureHex" : "c37f07eb763b710e7ad6830dc1d51b8fe1eebb2c02bf42f83491096d239f73484a0ff66802752f776232b7f55f731f1caa0334c7aa63910a8385fd092f647e03",
  "isSupport" : true,
  "givenVotes" : 1,
  "authId" : "did:sora:b70234fbb7fa2f2c99c8",
  "publicKeyId" : "did:sora:b70234fbb7fa2f2c99c8#keys-1",
  "authTimestamp" : "2020-09-22T08:56:55.278Z"
}, {
  "referendumId" : "6b503cfd-168e-49dd-bf26-365ea6ae5e9f",
  "payload" : "POSThttps://s1.tst.sora.soramitsu.co.jp/project/v1/referendum/6b503cfd-168e-49dd-bf26-365ea6ae5e9f/support?votes=11600765018911did:sora:b70234fbb7fa2f2c99c8did:sora:b70234fbb7fa2f2c99c8#keys-1",
  "signatureHex" : "b3a8ac388ef835825fcc881dd9946661fd036945ab904d3213a745f129a81b42a3194c421ea3cc82224932540fb82a71139c82cd68c65c9850f787bea276e403",
  "isSupport" : true,
  "givenVotes" : 1,
  "authId" : "did:sora:b70234fbb7fa2f2c99c8",
  "publicKeyId" : "did:sora:b70234fbb7fa2f2c99c8#keys-1",
  "authTimestamp" : "2020-09-22T08:56:58.911Z"
}, {
  "referendumId" : "6b503cfd-168e-49dd-bf26-365ea6ae5e9f",
  "payload" : "POSThttps://s1.tst.sora.soramitsu.co.jp/project/v1/referendum/6b503cfd-168e-49dd-bf26-365ea6ae5e9f/oppose?votes=3121600765022512did:sora:b70234fbb7fa2f2c99c8did:sora:b70234fbb7fa2f2c99c8#keys-1",
  "signatureHex" : "6c6056ef23ea6a1e367f6fa7d66401d0a6280a94e40b31a73f60b1b164ae2f771f46007443400690d60e4cb185b3f8b67897102d66eebc8b90b99623f05af60e",
  "isSupport" : false,
  "givenVotes" : 312,
  "authId" : "did:sora:b70234fbb7fa2f2c99c8",
  "publicKeyId" : "did:sora:b70234fbb7fa2f2c99c8#keys-1",
  "authTimestamp" : "2020-09-22T08:57:02.512Z"
}, {
  "referendumId" : "6b503cfd-168e-49dd-bf26-365ea6ae5e9f",
  "payload" : "POSThttps://s1.tst.sora.soramitsu.co.jp/project/v1/referendum/6b503cfd-168e-49dd-bf26-365ea6ae5e9f/support?votes=11600809036129did:sora:1b8753c9125deef36367did:sora:1b8753c9125deef36367#keys-1",
  "signatureHex" : "270ced107f8a6b72a9affdae36cfcdc3530529a57b64f394a95ca6c01fd61635b392a7362ee649e8ff67f5d5d2bf96ac60d0aacff27ecc802b88b05ee2ae530d",
  "isSupport" : true,
  "givenVotes" : 1,
  "authId" : "did:sora:1b8753c9125deef36367",
  "publicKeyId" : "did:sora:1b8753c9125deef36367#keys-1",
  "authTimestamp" : "2020-09-22T21:10:36.129Z"
}, {
  "referendumId" : "6b503cfd-168e-49dd-bf26-365ea6ae5e9f",
  "payload" : "POSThttps://s1.tst.sora.soramitsu.co.jp/project/v1/referendum/6b503cfd-168e-49dd-bf26-365ea6ae5e9f/support?votes=141600758451629did:sora:cf24054b81059bb47bdcdid:sora:cf24054b81059bb47bdc#keys-1",
  "signatureHex" : "b0a47424370c321fdeb11f20901e1788e4b2e9fdc520aaf1c258cf9a153a4e2724d7bf36775a3af24722a37488d3340146b860eae42554c0da360d26f67e8c0b",
  "isSupport" : true,
  "givenVotes" : 14,
  "authId" : "did:sora:cf24054b81059bb47bdc",
  "publicKeyId" : "did:sora:cf24054b81059bb47bdc#keys-1",
  "authTimestamp" : "2020-09-22T07:07:31.629Z"
}, {
  "referendumId" : "6b503cfd-168e-49dd-bf26-365ea6ae5e9f",
  "payload" : "POSThttps://s1.tst.sora.soramitsu.co.jp/project/v1/referendum/6b503cfd-168e-49dd-bf26-365ea6ae5e9f/support?votes=201600759468999did:sora:35dbe70424fe3d31abbadid:sora:35dbe70424fe3d31abba#keys-1",
  "signatureHex" : "41e24553cc09e9060dbdecb5191aa63276e6d81f574f4f54ca1e2ba00da20ecaa92c8c28a5f206119a667864b1f59042ebe4073c6fe56a247774a5dfbfbabd0f",
  "isSupport" : true,
  "givenVotes" : 20,
  "authId" : "did:sora:35dbe70424fe3d31abba",
  "publicKeyId" : "did:sora:35dbe70424fe3d31abba#keys-1",
  "authTimestamp" : "2020-09-22T07:24:28.999Z"
}, {
  "referendumId" : "6b503cfd-168e-49dd-bf26-365ea6ae5e9f",
  "payload" : "POSThttps://s1.tst.sora.soramitsu.co.jp/project/v1/referendum/6b503cfd-168e-49dd-bf26-365ea6ae5e9f/support?votes=38531600760787081did:sora:414cbfa008d7735cc768did:sora:414cbfa008d7735cc768#keys-1",
  "signatureHex" : "3e2861bc730704ed101a0caa9233e433e90a258f59ae779ab4ed28924440d66922a20ae6ef67bbeedf65c82879ca9119e64f0ad7930a44a247aa3de2478c1503",
  "isSupport" : true,
  "givenVotes" : 3853,
  "authId" : "did:sora:414cbfa008d7735cc768",
  "publicKeyId" : "did:sora:414cbfa008d7735cc768#keys-1",
  "authTimestamp" : "2020-09-22T07:46:27.081Z"
}, {
  "referendumId" : "6b503cfd-168e-49dd-bf26-365ea6ae5e9f",
  "payload" : "POSThttps://s1.tst.sora.soramitsu.co.jp/project/v1/referendum/6b503cfd-168e-49dd-bf26-365ea6ae5e9f/support?votes=101600760840927did:sora:da295bf7e30b7f8aebfedid:sora:da295bf7e30b7f8aebfe#keys-1",
  "signatureHex" : "ba0bb9a175e624c883be2659e38125963fa1af3f3ffc915a03f2de2d8e8e7f108b970c721e62d4dec5c025fdad01455c155a8eda851033f13ae07446deb5b201",
  "isSupport" : true,
  "givenVotes" : 10,
  "authId" : "did:sora:da295bf7e30b7f8aebfe",
  "publicKeyId" : "did:sora:da295bf7e30b7f8aebfe#keys-1",
  "authTimestamp" : "2020-09-22T07:47:20.927Z"
}, {
  "referendumId" : "6b503cfd-168e-49dd-bf26-365ea6ae5e9f",
  "payload" : "POSThttps://s1.tst.sora.soramitsu.co.jp/project/v1/referendum/6b503cfd-168e-49dd-bf26-365ea6ae5e9f/support?votes=1591600755867350did:sora:7eea8621f46ca3c0ef40did:sora:7eea8621f46ca3c0ef40#keys-1",
  "signatureHex" : "aacb3340b636fe50a676d842af759c972a2eca0569585e0a277abcb2763eab574b680086b88014e91c1fc1d7eb76fa480a275cee357a81fffa09695637be600c",
  "isSupport" : true,
  "givenVotes" : 159,
  "authId" : "did:sora:7eea8621f46ca3c0ef40",
  "publicKeyId" : "did:sora:7eea8621f46ca3c0ef40#keys-1",
  "authTimestamp" : "2020-09-22T06:24:27.350Z"
}, {
  "referendumId" : "6b503cfd-168e-49dd-bf26-365ea6ae5e9f",
  "payload" : "POSThttps://s1.tst.sora.soramitsu.co.jp/project/v1/referendum/6b503cfd-168e-49dd-bf26-365ea6ae5e9f/support?votes=71600756900693did:sora:99e45b03277ea65f11dedid:sora:99e45b03277ea65f11de#keys-1",
  "signatureHex" : "62d828534812b598beed44782a31c4bed483721ae84861b0fa85fc700ac195b7d954222208768620202360e8d15fc6609edca2d4300d670db9e4958d57e27c02",
  "isSupport" : true,
  "givenVotes" : 7,
  "authId" : "did:sora:99e45b03277ea65f11de",
  "publicKeyId" : "did:sora:99e45b03277ea65f11de#keys-1",
  "authTimestamp" : "2020-09-22T06:41:40.693Z"
}, {
  "referendumId" : "6b503cfd-168e-49dd-bf26-365ea6ae5e9f",
  "payload" : "POSThttps://s1.tst.sora.soramitsu.co.jp/project/v1/referendum/6b503cfd-168e-49dd-bf26-365ea6ae5e9f/oppose?votes=41600756903313did:sora:99e45b03277ea65f11dedid:sora:99e45b03277ea65f11de#keys-1",
  "signatureHex" : "8a55b810ad891762f8f604f8bc3839753c21c9a0ba88ba231a3293f07381cb76a9a3918b8d0ef7e3c679677a5a95e187d460d5e6fac4b44b90686583d3f6c900",
  "isSupport" : false,
  "givenVotes" : 4,
  "authId" : "did:sora:99e45b03277ea65f11de",
  "publicKeyId" : "did:sora:99e45b03277ea65f11de#keys-1",
  "authTimestamp" : "2020-09-22T06:41:43.313Z"
}, {
  "referendumId" : "6b503cfd-168e-49dd-bf26-365ea6ae5e9f",
  "payload" : "POSThttps://s1.tst.sora.soramitsu.co.jp/project/v1/referendum/6b503cfd-168e-49dd-bf26-365ea6ae5e9f/support?votes=31600756906222did:sora:99e45b03277ea65f11dedid:sora:99e45b03277ea65f11de#keys-1",
  "signatureHex" : "38168ec131b9331c069da8841612bc039312528ddedaa9cab8625435bd1909a0ec2cd195388bf0245e93ff7ec4ebf58d1cfcabd0a5e4e88f5c6e279821b98f06",
  "isSupport" : true,
  "givenVotes" : 3,
  "authId" : "did:sora:99e45b03277ea65f11de",
  "publicKeyId" : "did:sora:99e45b03277ea65f11de#keys-1",
  "authTimestamp" : "2020-09-22T06:41:46.222Z"
}, {
  "referendumId" : "6b503cfd-168e-49dd-bf26-365ea6ae5e9f",
  "payload" : "POSThttps://s1.tst.sora.soramitsu.co.jp/project/v1/referendum/6b503cfd-168e-49dd-bf26-365ea6ae5e9f/support?votes=161600757141914did:sora:d8efbe6989ef0164384fdid:sora:d8efbe6989ef0164384f#keys-1",
  "signatureHex" : "5984265900adfc339ff24246224884fba0deadab063b728ff56c3f97fa1e6526bc59a5a0a4df92662425490ac0b92d026aaabba7f02844e60529e07b68305200",
  "isSupport" : true,
  "givenVotes" : 16,
  "authId" : "did:sora:d8efbe6989ef0164384f",
  "publicKeyId" : "did:sora:d8efbe6989ef0164384f#keys-1",
  "authTimestamp" : "2020-09-22T06:45:41.914Z"
}, {
  "referendumId" : "6b503cfd-168e-49dd-bf26-365ea6ae5e9f",
  "payload" : "POSThttps://s1.tst.sora.soramitsu.co.jp/project/v1/referendum/6b503cfd-168e-49dd-bf26-365ea6ae5e9f/oppose?votes=41600757147509did:sora:d8efbe6989ef0164384fdid:sora:d8efbe6989ef0164384f#keys-1",
  "signatureHex" : "5ad578648cbbb31d02e51200cb3e9673ed946b364230fc74e40729037a22c694e555d633155e29cd2ea6e121b7992e50baae9bd7b9d25ce7b736c2ba405fe606",
  "isSupport" : false,
  "givenVotes" : 4,
  "authId" : "did:sora:d8efbe6989ef0164384f",
  "publicKeyId" : "did:sora:d8efbe6989ef0164384f#keys-1",
  "authTimestamp" : "2020-09-22T06:45:47.509Z"
}, {
  "referendumId" : "6b503cfd-168e-49dd-bf26-365ea6ae5e9f",
  "payload" : "POSThttps://s1.tst.sora.soramitsu.co.jp/project/v1/referendum/6b503cfd-168e-49dd-bf26-365ea6ae5e9f/support?votes=15741600757151509did:sora:b34fcc2d0117c71cffcfdid:sora:b34fcc2d0117c71cffcf#keys-1",
  "signatureHex" : "72423385167afb030cf8dd597d6e08d85e1871cf0b9d2232450bd889d59929fd276792ce4653f61e1faa719805fdace9ad0dc636c8e94088988dfa3a0969ef0b",
  "isSupport" : true,
  "givenVotes" : 1574,
  "authId" : "did:sora:b34fcc2d0117c71cffcf",
  "publicKeyId" : "did:sora:b34fcc2d0117c71cffcf#keys-1",
  "authTimestamp" : "2020-09-22T06:45:51.509Z"
}, {
  "referendumId" : "6b503cfd-168e-49dd-bf26-365ea6ae5e9f",
  "payload" : "POSThttps://s1.tst.sora.soramitsu.co.jp/project/v1/referendum/6b503cfd-168e-49dd-bf26-365ea6ae5e9f/support?votes=11600801648928did:sora:db13df8d82a831e5dc94did:sora:db13df8d82a831e5dc94#keys-1",
  "signatureHex" : "99d2cac75abc381e61210e414484c52c9d419dd7ca673ae2b59abea0da882ee9fc38669c218928d90482f8cd92e34b4daac57f4c5d959eb477ae5b34ea7a6907",
  "isSupport" : true,
  "givenVotes" : 1,
  "authId" : "did:sora:db13df8d82a831e5dc94",
  "publicKeyId" : "did:sora:db13df8d82a831e5dc94#keys-1",
  "authTimestamp" : "2020-09-22T19:07:28.928Z"
}, {
  "referendumId" : "6b503cfd-168e-49dd-bf26-365ea6ae5e9f",
  "payload" : "POSThttps://s1.tst.sora.soramitsu.co.jp/project/v1/referendum/6b503cfd-168e-49dd-bf26-365ea6ae5e9f/support?votes=11600801650451did:sora:db13df8d82a831e5dc94did:sora:db13df8d82a831e5dc94#keys-1",
  "signatureHex" : "2cf2c331b330c5ddb2426deff8da2516ece98be2e8a6a794f99665ed90abf2927c06db2eae562be648f1f57316e1c3f4490021565b86b8d73344fd5b0ec2c10e",
  "isSupport" : true,
  "givenVotes" : 1,
  "authId" : "did:sora:db13df8d82a831e5dc94",
  "publicKeyId" : "did:sora:db13df8d82a831e5dc94#keys-1",
  "authTimestamp" : "2020-09-22T19:07:30.451Z"
}, {
  "referendumId" : "6b503cfd-168e-49dd-bf26-365ea6ae5e9f",
  "payload" : "POSThttps://s1.tst.sora.soramitsu.co.jp/project/v1/referendum/6b503cfd-168e-49dd-bf26-365ea6ae5e9f/support?votes=21600801674353did:sora:db13df8d82a831e5dc94did:sora:db13df8d82a831e5dc94#keys-1",
  "signatureHex" : "9fef0c08b43ba655baa3955e54c224e0423f98185fb83b135075adbe97e8e8425d8013fa96ee7e2ee17baf6e94c853cef4e2d6a6a4a04bbcee7133c1517fbe0d",
  "isSupport" : true,
  "givenVotes" : 2,
  "authId" : "did:sora:db13df8d82a831e5dc94",
  "publicKeyId" : "did:sora:db13df8d82a831e5dc94#keys-1",
  "authTimestamp" : "2020-09-22T19:07:54.353Z"
}, {
  "referendumId" : "6b503cfd-168e-49dd-bf26-365ea6ae5e9f",
  "payload" : "POSThttps://s1.tst.sora.soramitsu.co.jp/project/v1/referendum/6b503cfd-168e-49dd-bf26-365ea6ae5e9f/support?votes=2001600765326614did:sora:57ffbcd43477eb567cd5did:sora:57ffbcd43477eb567cd5#keys-1",
  "signatureHex" : "b6e9553613b82f94c090e195f114f80ac31087eb26502a764d6e82ba4bdd5b2177d95d800e0427539d37ff698d760cb0a6e443ef05e6a99cf84647d4f46c6005",
  "isSupport" : true,
  "givenVotes" : 200,
  "authId" : "did:sora:57ffbcd43477eb567cd5",
  "publicKeyId" : "did:sora:57ffbcd43477eb567cd5#keys-1",
  "authTimestamp" : "2020-09-22T09:02:06.614Z"
}, {
  "referendumId" : "6b503cfd-168e-49dd-bf26-365ea6ae5e9f",
  "payload" : "POSThttps://s1.tst.sora.soramitsu.co.jp/project/v1/referendum/6b503cfd-168e-49dd-bf26-365ea6ae5e9f/support?votes=9631600765328749did:sora:8ab6f20eda32f6cb26badid:sora:8ab6f20eda32f6cb26ba#keys-1",
  "signatureHex" : "4a7954bd4945f044b1d97409a00884ea5ed53b4a82fc96d9dfd1b8529810eb3a348931f5d569172b48c8b8de460835887021b4493d886321be24a799218a4b03",
  "isSupport" : true,
  "givenVotes" : 963,
  "authId" : "did:sora:8ab6f20eda32f6cb26ba",
  "publicKeyId" : "did:sora:8ab6f20eda32f6cb26ba#keys-1",
  "authTimestamp" : "2020-09-22T09:02:08.749Z"
}, {
  "referendumId" : "6b503cfd-168e-49dd-bf26-365ea6ae5e9f",
  "payload" : "POSThttps://s1.tst.sora.soramitsu.co.jp/project/v1/referendum/6b503cfd-168e-49dd-bf26-365ea6ae5e9f/support?votes=969861600749581912did:sora:2b7cff79c809f20c6d62did:sora:2b7cff79c809f20c6d62#keys-1",
  "signatureHex" : "b91aca033c62d79eb86a73d5e1632505c2ec646f701b119b5600562168945034c13f19d9cc97e21b78268ea3555360875162c4db1828dd316125a6d394584103",
  "isSupport" : true,
  "givenVotes" : 96986,
  "authId" : "did:sora:2b7cff79c809f20c6d62",
  "publicKeyId" : "did:sora:2b7cff79c809f20c6d62#keys-1",
  "authTimestamp" : "2020-09-22T04:39:41.912Z"
}, {
  "referendumId" : "6b503cfd-168e-49dd-bf26-365ea6ae5e9f",
  "payload" : "POSThttps://s1.tst.sora.soramitsu.co.jp/project/v1/referendum/6b503cfd-168e-49dd-bf26-365ea6ae5e9f/oppose?votes=712451600749587131did:sora:2b7cff79c809f20c6d62did:sora:2b7cff79c809f20c6d62#keys-1",
  "signatureHex" : "454939850be018988b35be70f5a14bf77050865d2c5c19b33a2fac4b0b34e2872a482355fef95618dbc6e258cd1fa3a54a20612d4c3b1715d1446463c855080c",
  "isSupport" : false,
  "givenVotes" : 71245,
  "authId" : "did:sora:2b7cff79c809f20c6d62",
  "publicKeyId" : "did:sora:2b7cff79c809f20c6d62#keys-1",
  "authTimestamp" : "2020-09-22T04:39:47.131Z"
}, {
  "referendumId" : "6b503cfd-168e-49dd-bf26-365ea6ae5e9f",
  "payload" : "POSThttps://s1.tst.sora.soramitsu.co.jp/project/v1/referendum/6b503cfd-168e-49dd-bf26-365ea6ae5e9f/support?votes=201600790175614did:sora:3835383a5d5781f33245did:sora:3835383a5d5781f33245#keys-1",
  "signatureHex" : "143e74d69e51bb93d270cb4d00fc13f2ecd8be429a72d0e90f9f53486f69416c0bc520e0f021dd2ef06a47f6a0281c1331823b4158c9f4aecf82d7ffe51f8103",
  "isSupport" : true,
  "givenVotes" : 20,
  "authId" : "did:sora:3835383a5d5781f33245",
  "publicKeyId" : "did:sora:3835383a5d5781f33245#keys-1",
  "authTimestamp" : "2020-09-22T15:56:15.614Z"
}, {
  "referendumId" : "6b503cfd-168e-49dd-bf26-365ea6ae5e9f",
  "payload" : "POSThttps://s1.tst.sora.soramitsu.co.jp/project/v1/referendum/6b503cfd-168e-49dd-bf26-365ea6ae5e9f/support?votes=211600769417730did:sora:ac0e324e4106b1826508did:sora:ac0e324e4106b1826508#keys-1",
  "signatureHex" : "07b8f3ca6569547d1f7be18575f766a9d5caa0f0fb56e1e115c032286b2ec0587cbe5f0c0cc21b15daaf2e7a36fc2bdec86f199d5428d7175669c233a24df909",
  "isSupport" : true,
  "givenVotes" : 21,
  "authId" : "did:sora:ac0e324e4106b1826508",
  "publicKeyId" : "did:sora:ac0e324e4106b1826508#keys-1",
  "authTimestamp" : "2020-09-22T10:10:17.730Z"
}, {
  "referendumId" : "6b503cfd-168e-49dd-bf26-365ea6ae5e9f",
  "payload" : "POSThttps://s1.tst.sora.soramitsu.co.jp/project/v1/referendum/6b503cfd-168e-49dd-bf26-365ea6ae5e9f/support?votes=11600769953861did:sora:14dff4874bc6ce96b0e1did:sora:14dff4874bc6ce96b0e1#keys-1",
  "signatureHex" : "61ac6808cb628c327dd977dac52f184d9a83487a4ca4a85514d1996e8325391cfccf6dc50e6b64581e92e92802ec5782c72da1116faedca72c406cc8cca03a0b",
  "isSupport" : true,
  "givenVotes" : 1,
  "authId" : "did:sora:14dff4874bc6ce96b0e1",
  "publicKeyId" : "did:sora:14dff4874bc6ce96b0e1#keys-1",
  "authTimestamp" : "2020-09-22T10:19:13.861Z"
}, {
  "referendumId" : "6b503cfd-168e-49dd-bf26-365ea6ae5e9f",
  "payload" : "POSThttps://s1.tst.sora.soramitsu.co.jp/project/v1/referendum/6b503cfd-168e-49dd-bf26-365ea6ae5e9f/support?votes=71600769960303did:sora:14dff4874bc6ce96b0e1did:sora:14dff4874bc6ce96b0e1#keys-1",
  "signatureHex" : "e274fb0fd9ea0f81a778416437f6d5d6d883827847b5d5717e895b868a27921d9a58b998e3bb8ca47c597712f617a2bff2f95b92aa4202a2504633c3d2aba005",
  "isSupport" : true,
  "givenVotes" : 7,
  "authId" : "did:sora:14dff4874bc6ce96b0e1",
  "publicKeyId" : "did:sora:14dff4874bc6ce96b0e1#keys-1",
  "authTimestamp" : "2020-09-22T10:19:20.303Z"
}, {
  "referendumId" : "6b503cfd-168e-49dd-bf26-365ea6ae5e9f",
  "payload" : "POSThttps://s1.tst.sora.soramitsu.co.jp/project/v1/referendum/6b503cfd-168e-49dd-bf26-365ea6ae5e9f/support?votes=11600770103265did:sora:a1727fb06fda72d049a7did:sora:a1727fb06fda72d049a7#keys-1",
  "signatureHex" : "122cf1a386af9f66d2bdee3419b5819ecbcc7b592e33108ee2c0eb7f4172a81a4027b55d9e9ea2ad9d1746d81f03896b62bf3c9588c77b2e2c3e64c1141c3306",
  "isSupport" : true,
  "givenVotes" : 1,
  "authId" : "did:sora:a1727fb06fda72d049a7",
  "publicKeyId" : "did:sora:a1727fb06fda72d049a7#keys-1",
  "authTimestamp" : "2020-09-22T10:21:43.265Z"
}, {
  "referendumId" : "6b503cfd-168e-49dd-bf26-365ea6ae5e9f",
  "payload" : "POSThttps://s1.tst.sora.soramitsu.co.jp/project/v1/referendum/6b503cfd-168e-49dd-bf26-365ea6ae5e9f/support?votes=11600770271555did:sora:a1727fb06fda72d049a7did:sora:a1727fb06fda72d049a7#keys-1",
  "signatureHex" : "bb7f1395bfa43dab51d0f82ec802491fcf866c4a1044d6f561138a020e177372a7a346c02bcb120f6aad862f93075dc13e7a7e362e4530e12a8b64d59f46f90b",
  "isSupport" : true,
  "givenVotes" : 1,
  "authId" : "did:sora:a1727fb06fda72d049a7",
  "publicKeyId" : "did:sora:a1727fb06fda72d049a7#keys-1",
  "authTimestamp" : "2020-09-22T10:24:31.555Z"
}, {
  "referendumId" : "6b503cfd-168e-49dd-bf26-365ea6ae5e9f",
  "payload" : "POSThttps://s1.tst.sora.soramitsu.co.jp/project/v1/referendum/6b503cfd-168e-49dd-bf26-365ea6ae5e9f/oppose?votes=11600770296499did:sora:a1727fb06fda72d049a7did:sora:a1727fb06fda72d049a7#keys-1",
  "signatureHex" : "8e8446f28fe5e669cbdf847d2cf45ddde6e4d25618630e9e1d6428d456984f2bf5e20c9caf30ed841f935930b4352a5481ce7060bd95fa66781f6ce1e74ea302",
  "isSupport" : false,
  "givenVotes" : 1,
  "authId" : "did:sora:a1727fb06fda72d049a7",
  "publicKeyId" : "did:sora:a1727fb06fda72d049a7#keys-1",
  "authTimestamp" : "2020-09-22T10:24:56.499Z"
}, {
  "referendumId" : "6b503cfd-168e-49dd-bf26-365ea6ae5e9f",
  "payload" : "POSThttps://s1.tst.sora.soramitsu.co.jp/project/v1/referendum/6b503cfd-168e-49dd-bf26-365ea6ae5e9f/support?votes=181600770302303did:sora:a1727fb06fda72d049a7did:sora:a1727fb06fda72d049a7#keys-1",
  "signatureHex" : "d405d69b5cdf8b136b1c9930765727a270f959ea69efd9e57f82cc0ad04c332e9104b117559585a1280cacf7105264599c0a4c3f2602edc7e7e06e5866c3be09",
  "isSupport" : true,
  "givenVotes" : 18,
  "authId" : "did:sora:a1727fb06fda72d049a7",
  "publicKeyId" : "did:sora:a1727fb06fda72d049a7#keys-1",
  "authTimestamp" : "2020-09-22T10:25:02.303Z"
}, {
  "referendumId" : "6b503cfd-168e-49dd-bf26-365ea6ae5e9f",
  "payload" : "POSThttps://s1.tst.sora.soramitsu.co.jp/project/v1/referendum/6b503cfd-168e-49dd-bf26-365ea6ae5e9f/support?votes=81600772213638did:sora:14dff4874bc6ce96b0e1did:sora:14dff4874bc6ce96b0e1#keys-1",
  "signatureHex" : "bd3c7eb160dce5be913ba0fdc651dad74bbb0b3b65f49d126c312e7242ca9e59afb9c2d433e953691a822b244849fa66ff204ba04ed866f29919d0b62423d000",
  "isSupport" : true,
  "givenVotes" : 8,
  "authId" : "did:sora:14dff4874bc6ce96b0e1",
  "publicKeyId" : "did:sora:14dff4874bc6ce96b0e1#keys-1",
  "authTimestamp" : "2020-09-22T10:56:53.638Z"
}, {
  "referendumId" : "6b503cfd-168e-49dd-bf26-365ea6ae5e9f",
  "payload" : "POSThttps://s1.tst.sora.soramitsu.co.jp/project/v1/referendum/6b503cfd-168e-49dd-bf26-365ea6ae5e9f/support?votes=101600779634184did:sora:1b8753c9125deef36367did:sora:1b8753c9125deef36367#keys-1",
  "signatureHex" : "220f30471f64ff0900b207f0d4c3f37ee6a4e826de06c2c0cc1a9a5b218ab63dadb511e645b9a775da638b3a7623ce8d7d1b15b39efef779b01e2b3d54c8df06",
  "isSupport" : true,
  "givenVotes" : 10,
  "authId" : "did:sora:1b8753c9125deef36367",
  "publicKeyId" : "did:sora:1b8753c9125deef36367#keys-1",
  "authTimestamp" : "2020-09-22T13:00:34.184Z"
}, {
  "referendumId" : "6b503cfd-168e-49dd-bf26-365ea6ae5e9f",
  "payload" : "POSThttps://s1.tst.sora.soramitsu.co.jp/project/v1/referendum/6b503cfd-168e-49dd-bf26-365ea6ae5e9f/support?votes=4251600735545256did:sora:435a73c4b993bcc93df1did:sora:435a73c4b993bcc93df1#keys-1",
  "signatureHex" : "2d2561bd3c3c329e91e0482306c12e9275bc5ae545d70eec21c08f9c4bec9057288d2079a017fc58db0e0c217a93e8cc835201dde8f2c4101f14178c066adc0b",
  "isSupport" : true,
  "givenVotes" : 425,
  "authId" : "did:sora:435a73c4b993bcc93df1",
  "publicKeyId" : "did:sora:435a73c4b993bcc93df1#keys-1",
  "authTimestamp" : "2020-09-22T00:45:45.256Z"
}, {
  "referendumId" : "6b503cfd-168e-49dd-bf26-365ea6ae5e9f",
  "payload" : "POSThttps://s1.tst.sora.soramitsu.co.jp/project/v1/referendum/6b503cfd-168e-49dd-bf26-365ea6ae5e9f/support?votes=11600815065433did:sora:84907f47bc102a0ca817did:sora:84907f47bc102a0ca817#keys-1",
  "signatureHex" : "b8fc004622bebcbaa7f407a48d226a7864f51b52318db49dc9bcd2de09c7ee9511669833329d0bbedcb68a3f5fd0565d242bf3e39f9535f0352a1d5931847809",
  "isSupport" : true,
  "givenVotes" : 1,
  "authId" : "did:sora:84907f47bc102a0ca817",
  "publicKeyId" : "did:sora:84907f47bc102a0ca817#keys-1",
  "authTimestamp" : "2020-09-22T22:51:05.433Z"
}, {
  "referendumId" : "6b503cfd-168e-49dd-bf26-365ea6ae5e9f",
  "payload" : "POSThttps://s1.tst.sora.soramitsu.co.jp/project/v1/referendum/6b503cfd-168e-49dd-bf26-365ea6ae5e9f/support?votes=11600815069972did:sora:84907f47bc102a0ca817did:sora:84907f47bc102a0ca817#keys-1",
  "signatureHex" : "0883439b7b254c10233368e38360783af612b7209881d4b623168ab7dcaacfdc3ac794dcadaa48e99fbd0bf3c7e1852b1e845c34495ce48aa384ad82c4200d07",
  "isSupport" : true,
  "givenVotes" : 1,
  "authId" : "did:sora:84907f47bc102a0ca817",
  "publicKeyId" : "did:sora:84907f47bc102a0ca817#keys-1",
  "authTimestamp" : "2020-09-22T22:51:09.972Z"
}, {
  "referendumId" : "6b503cfd-168e-49dd-bf26-365ea6ae5e9f",
  "payload" : "POSThttps://s1.tst.sora.soramitsu.co.jp/project/v1/referendum/6b503cfd-168e-49dd-bf26-365ea6ae5e9f/support?votes=2231600710387978did:sora:3f749ced8a2c63b23689did:sora:3f749ced8a2c63b23689#keys-1",
  "signatureHex" : "1e4d77192c2da060bd21b3e2d6e5047461ba623864f12b9acc940b98ebab19357f25f232e0365f39723db34d4e42025a255932ba0b2b4e69f5907e7b24a4850b",
  "isSupport" : true,
  "givenVotes" : 223,
  "authId" : "did:sora:3f749ced8a2c63b23689",
  "publicKeyId" : "did:sora:3f749ced8a2c63b23689#keys-1",
  "authTimestamp" : "2020-09-21T17:46:27.978Z"
}, {
  "referendumId" : "6b503cfd-168e-49dd-bf26-365ea6ae5e9f",
  "payload" : "POSThttps://s1.tst.sora.soramitsu.co.jp/project/v1/referendum/6b503cfd-168e-49dd-bf26-365ea6ae5e9f/support?votes=5381600710993642did:sora:3f749ced8a2c63b23689did:sora:3f749ced8a2c63b23689#keys-1",
  "signatureHex" : "68be0f85cdbf8f028bbb0903e95e9fae723a4f2421be3c3a2d53fc980f3ada8629137dcc55e016a3c0798c768fb5ca5527a3694143a92d24d5d0fd0d32979c08",
  "isSupport" : true,
  "givenVotes" : 538,
  "authId" : "did:sora:3f749ced8a2c63b23689",
  "publicKeyId" : "did:sora:3f749ced8a2c63b23689#keys-1",
  "authTimestamp" : "2020-09-21T17:56:33.642Z"
}, {
  "referendumId" : "6b503cfd-168e-49dd-bf26-365ea6ae5e9f",
  "payload" : "POSThttps://s1.tst.sora.soramitsu.co.jp/project/v1/referendum/6b503cfd-168e-49dd-bf26-365ea6ae5e9f/support?votes=1110501600674606524did:sora:2b7cff79c809f20c6d62did:sora:2b7cff79c809f20c6d62#keys-1",
  "signatureHex" : "c9f1668630df4936983c05f78cee961312e9e97d4ce27cf98a6ff510f5fd007a686c25f2ac4a34834b868f80702b7ee5c4aa25ff99ae135f506ca12b15699701",
  "isSupport" : true,
  "givenVotes" : 111050,
  "authId" : "did:sora:2b7cff79c809f20c6d62",
  "publicKeyId" : "did:sora:2b7cff79c809f20c6d62#keys-1",
  "authTimestamp" : "2020-09-21T07:50:06.524Z"
}, {
  "referendumId" : "6b503cfd-168e-49dd-bf26-365ea6ae5e9f",
  "payload" : "POSThttps://s1.tst.sora.soramitsu.co.jp/project/v1/referendum/6b503cfd-168e-49dd-bf26-365ea6ae5e9f/oppose?votes=2346421600674667334did:sora:2b7cff79c809f20c6d62did:sora:2b7cff79c809f20c6d62#keys-1",
  "signatureHex" : "3c52f63441b0e5705f21e2afdcb04a92fa78c7a24ac1d411a8e6c008378758a3629b35c5c161fca72dba50017c0826cb60da4b4435952d62a80871977b19310c",
  "isSupport" : false,
  "givenVotes" : 234642,
  "authId" : "did:sora:2b7cff79c809f20c6d62",
  "publicKeyId" : "did:sora:2b7cff79c809f20c6d62#keys-1",
  "authTimestamp" : "2020-09-21T07:51:07.334Z"
}, {
  "referendumId" : "6b503cfd-168e-49dd-bf26-365ea6ae5e9f",
  "payload" : "POSThttps://s1.tst.sora.soramitsu.co.jp/project/v1/referendum/6b503cfd-168e-49dd-bf26-365ea6ae5e9f/support?votes=1489071600674670603did:sora:2b7cff79c809f20c6d62did:sora:2b7cff79c809f20c6d62#keys-1",
  "signatureHex" : "17bf53d298a1088e9d549d358e3a2f0585298a82891e1cbf28ed122f94ac91e176f5949d53239633316352c9f35dd92c9cb1d8e82d9e635a8fd2df063fa20608",
  "isSupport" : true,
  "givenVotes" : 148907,
  "authId" : "did:sora:2b7cff79c809f20c6d62",
  "publicKeyId" : "did:sora:2b7cff79c809f20c6d62#keys-1",
  "authTimestamp" : "2020-09-21T07:51:10.603Z"
}, {
  "referendumId" : "6b503cfd-168e-49dd-bf26-365ea6ae5e9f",
  "payload" : "POSThttps://s1.tst.sora.soramitsu.co.jp/project/v1/referendum/6b503cfd-168e-49dd-bf26-365ea6ae5e9f/support?votes=2371600674703202did:sora:99e45b03277ea65f11dedid:sora:99e45b03277ea65f11de#keys-1",
  "signatureHex" : "24e3142ac4942c309dc2c59e687a0593233743ffa68c2a18d3aca4f4973942a76166988c25a28bc4f107686c4a775884dfab2e21a176ea0b8b27e0b4a98caa0f",
  "isSupport" : true,
  "givenVotes" : 237,
  "authId" : "did:sora:99e45b03277ea65f11de",
  "publicKeyId" : "did:sora:99e45b03277ea65f11de#keys-1",
  "authTimestamp" : "2020-09-21T07:51:43.202Z"
}, {
  "referendumId" : "6b503cfd-168e-49dd-bf26-365ea6ae5e9f",
  "payload" : "POSThttps://s1.tst.sora.soramitsu.co.jp/project/v1/referendum/6b503cfd-168e-49dd-bf26-365ea6ae5e9f/oppose?votes=117951600674914027did:sora:a4185a0af663dd471f8fdid:sora:a4185a0af663dd471f8f#keys-1",
  "signatureHex" : "72e1fe3121a47022705717073cbba324f502ee021ca4c4b6e737656421c51248f9c44d7726aeec8ea7916d04462f158e5e4fcbc7a6a5e62a73f636b08b147a07",
  "isSupport" : false,
  "givenVotes" : 11795,
  "authId" : "did:sora:a4185a0af663dd471f8f",
  "publicKeyId" : "did:sora:a4185a0af663dd471f8f#keys-1",
  "authTimestamp" : "2020-09-21T07:55:14.027Z"
}, {
  "referendumId" : "6b503cfd-168e-49dd-bf26-365ea6ae5e9f",
  "payload" : "POSThttps://s1.tst.sora.soramitsu.co.jp/project/v1/referendum/6b503cfd-168e-49dd-bf26-365ea6ae5e9f/support?votes=331600675043329did:sora:b34fcc2d0117c71cffcfdid:sora:b34fcc2d0117c71cffcf#keys-1",
  "signatureHex" : "777b536f6f7383f89b4a85ad2d317a34ea3ceeb894b3029b04630785c93de1b8ebd0f4f8e9e451a25f50ba2b31b603ba15ff331d9c44cf4ac35e7fd6d6f2a509",
  "isSupport" : true,
  "givenVotes" : 33,
  "authId" : "did:sora:b34fcc2d0117c71cffcf",
  "publicKeyId" : "did:sora:b34fcc2d0117c71cffcf#keys-1",
  "authTimestamp" : "2020-09-21T07:57:23.329Z"
}, {
  "referendumId" : "6b503cfd-168e-49dd-bf26-365ea6ae5e9f",
  "payload" : "POSThttps://s1.tst.sora.soramitsu.co.jp/project/v1/referendum/6b503cfd-168e-49dd-bf26-365ea6ae5e9f/oppose?votes=207671600675129405did:sora:da295bf7e30b7f8aebfedid:sora:da295bf7e30b7f8aebfe#keys-1",
  "signatureHex" : "5aa51a69cf09ad5eb8eb07db615bb84b710fe40118acb9fdd37f1d54f6c3c99473a226c618d20e46f7c73c0a0e075521da7adb8bf3f5a892841c8c7431bb8401",
  "isSupport" : false,
  "givenVotes" : 20767,
  "authId" : "did:sora:da295bf7e30b7f8aebfe",
  "publicKeyId" : "did:sora:da295bf7e30b7f8aebfe#keys-1",
  "authTimestamp" : "2020-09-21T07:58:49.405Z"
}, {
  "referendumId" : "6b503cfd-168e-49dd-bf26-365ea6ae5e9f",
  "payload" : "POSThttps://s1.tst.sora.soramitsu.co.jp/project/v1/referendum/6b503cfd-168e-49dd-bf26-365ea6ae5e9f/support?votes=186761600675133367did:sora:da295bf7e30b7f8aebfedid:sora:da295bf7e30b7f8aebfe#keys-1",
  "signatureHex" : "d4c03f59e501805f438f9486d37f87611b5266790d2109d4263872e3a99d21060dea898decbdc70995fcd8d591d2822fe5c4accb07559d8856006b3ec5e14e03",
  "isSupport" : true,
  "givenVotes" : 18676,
  "authId" : "did:sora:da295bf7e30b7f8aebfe",
  "publicKeyId" : "did:sora:da295bf7e30b7f8aebfe#keys-1",
  "authTimestamp" : "2020-09-21T07:58:53.367Z"
}, {
  "referendumId" : "6b503cfd-168e-49dd-bf26-365ea6ae5e9f",
  "payload" : "POSThttps://s1.tst.sora.soramitsu.co.jp/project/v1/referendum/6b503cfd-168e-49dd-bf26-365ea6ae5e9f/oppose?votes=23541600675143022did:sora:da295bf7e30b7f8aebfedid:sora:da295bf7e30b7f8aebfe#keys-1",
  "signatureHex" : "94d0bd711536ded8a3705c5a15641c1f14d813563fbdeb8f3987da96e7a0e49a4eb9883260f678b53fc8239cd5a744c3382a3bc988aa0da782e2958afccd5006",
  "isSupport" : false,
  "givenVotes" : 2354,
  "authId" : "did:sora:da295bf7e30b7f8aebfe",
  "publicKeyId" : "did:sora:da295bf7e30b7f8aebfe#keys-1",
  "authTimestamp" : "2020-09-21T07:59:03.022Z"
}, {
  "referendumId" : "6b503cfd-168e-49dd-bf26-365ea6ae5e9f",
  "payload" : "POSThttps://s1.tst.sora.soramitsu.co.jp/project/v1/referendum/6b503cfd-168e-49dd-bf26-365ea6ae5e9f/support?votes=60431600675145423did:sora:da295bf7e30b7f8aebfedid:sora:da295bf7e30b7f8aebfe#keys-1",
  "signatureHex" : "ff4375212c5264bbe5e5f12c6904067ccbc757ee1dc0808c7d4aafff675fbea75981e310b8fae6679413ecde158564aeaeede48736bb4af835c6cbd475be5d0e",
  "isSupport" : true,
  "givenVotes" : 6043,
  "authId" : "did:sora:da295bf7e30b7f8aebfe",
  "publicKeyId" : "did:sora:da295bf7e30b7f8aebfe#keys-1",
  "authTimestamp" : "2020-09-21T07:59:05.423Z"
}, {
  "referendumId" : "6b503cfd-168e-49dd-bf26-365ea6ae5e9f",
  "payload" : "POSThttps://s1.tst.sora.soramitsu.co.jp/project/v1/referendum/6b503cfd-168e-49dd-bf26-365ea6ae5e9f/oppose?votes=6551600675148002did:sora:da295bf7e30b7f8aebfedid:sora:da295bf7e30b7f8aebfe#keys-1",
  "signatureHex" : "36a76c5361b59c3e8667ac24e86e50bd014b0fdcc611f5ffb32ac8ab73393281a0b2d92529ff83e59b941d73f1341c280e3a40b0389e99a29cb5076763615007",
  "isSupport" : false,
  "givenVotes" : 655,
  "authId" : "did:sora:da295bf7e30b7f8aebfe",
  "publicKeyId" : "did:sora:da295bf7e30b7f8aebfe#keys-1",
  "authTimestamp" : "2020-09-21T07:59:08.002Z"
}, {
  "referendumId" : "6b503cfd-168e-49dd-bf26-365ea6ae5e9f",
  "payload" : "POSThttps://s1.tst.sora.soramitsu.co.jp/project/v1/referendum/6b503cfd-168e-49dd-bf26-365ea6ae5e9f/support?votes=9691600675149871did:sora:da295bf7e30b7f8aebfedid:sora:da295bf7e30b7f8aebfe#keys-1",
  "signatureHex" : "e962164657730868d2f07aedde4e95464c75dafbb9ee3f481f47dee32c4216847eb262ec5553d0e4357fafed3db3dc339157240953dd2beb8e6d229b07a0ad08",
  "isSupport" : true,
  "givenVotes" : 969,
  "authId" : "did:sora:da295bf7e30b7f8aebfe",
  "publicKeyId" : "did:sora:da295bf7e30b7f8aebfe#keys-1",
  "authTimestamp" : "2020-09-21T07:59:09.871Z"
}, {
  "referendumId" : "6b503cfd-168e-49dd-bf26-365ea6ae5e9f",
  "payload" : "POSThttps://s1.tst.sora.soramitsu.co.jp/project/v1/referendum/6b503cfd-168e-49dd-bf26-365ea6ae5e9f/oppose?votes=3131600675152804did:sora:da295bf7e30b7f8aebfedid:sora:da295bf7e30b7f8aebfe#keys-1",
  "signatureHex" : "53b4c0968a53eec5044cc051151849fd180d257c9631ed21331a1e34efbaa22a4430f6a465affd3de56448a84862af101a724c1210bafee9d56d88a415047801",
  "isSupport" : false,
  "givenVotes" : 313,
  "authId" : "did:sora:da295bf7e30b7f8aebfe",
  "publicKeyId" : "did:sora:da295bf7e30b7f8aebfe#keys-1",
  "authTimestamp" : "2020-09-21T07:59:12.804Z"
}, {
  "referendumId" : "6b503cfd-168e-49dd-bf26-365ea6ae5e9f",
  "payload" : "POSThttps://s1.tst.sora.soramitsu.co.jp/project/v1/referendum/6b503cfd-168e-49dd-bf26-365ea6ae5e9f/support?votes=36971600675157919did:sora:414cbfa008d7735cc768did:sora:414cbfa008d7735cc768#keys-1",
  "signatureHex" : "1de5d75ad873d170129d6565244712dc35534f4c923ee7757d4c732946a44a30e6aa5d2fc346efd5a5b3df2f5199d9d2041ad29ee667062facfca16168793f07",
  "isSupport" : true,
  "givenVotes" : 3697,
  "authId" : "did:sora:414cbfa008d7735cc768",
  "publicKeyId" : "did:sora:414cbfa008d7735cc768#keys-1",
  "authTimestamp" : "2020-09-21T07:59:17.919Z"
}, {
  "referendumId" : "6b503cfd-168e-49dd-bf26-365ea6ae5e9f",
  "payload" : "POSThttps://s1.tst.sora.soramitsu.co.jp/project/v1/referendum/6b503cfd-168e-49dd-bf26-365ea6ae5e9f/support?votes=286971600675527308did:sora:acc51cce61cc06c0a16bdid:sora:acc51cce61cc06c0a16b#keys-1",
  "signatureHex" : "731caca97c57dec54a3275c71d86777371476299e3467e24b6c88a9e17496ac0f90535fd849d1ce9bc886662776afe0bbdb04ab2b3fbcb75fea7a07d60b6f606",
  "isSupport" : true,
  "givenVotes" : 28697,
  "authId" : "did:sora:acc51cce61cc06c0a16b",
  "publicKeyId" : "did:sora:acc51cce61cc06c0a16b#keys-1",
  "authTimestamp" : "2020-09-21T08:05:27.308Z"
}, {
  "referendumId" : "6b503cfd-168e-49dd-bf26-365ea6ae5e9f",
  "payload" : "POSThttps://s1.tst.sora.soramitsu.co.jp/project/v1/referendum/6b503cfd-168e-49dd-bf26-365ea6ae5e9f/support?votes=5191600675640569did:sora:11956d65e0e593552fc3did:sora:11956d65e0e593552fc3#keys-1",
  "signatureHex" : "44dca2c4e98f69d3ce686094176c417cf729ac5909efe84b41a857788790dad6bb169e84c4f7e9b16a947499ce571ea029012f67756723a40f46b4426caa240b",
  "isSupport" : true,
  "givenVotes" : 519,
  "authId" : "did:sora:11956d65e0e593552fc3",
  "publicKeyId" : "did:sora:11956d65e0e593552fc3#keys-1",
  "authTimestamp" : "2020-09-21T08:07:20.569Z"
}, {
  "referendumId" : "6b503cfd-168e-49dd-bf26-365ea6ae5e9f",
  "payload" : "POSThttps://s1.tst.sora.soramitsu.co.jp/project/v1/referendum/6b503cfd-168e-49dd-bf26-365ea6ae5e9f/support?votes=51821600675809792did:sora:b34fcc2d0117c71cffcfdid:sora:b34fcc2d0117c71cffcf#keys-1",
  "signatureHex" : "183bca661a9b135b40f61e151d68349afb89cffb7ac42e784c82e199f14e21183b747022d295fc0397ebdb15f1cc784f021374a4aa26c622b9debddfb1bb3a03",
  "isSupport" : true,
  "givenVotes" : 5182,
  "authId" : "did:sora:b34fcc2d0117c71cffcf",
  "publicKeyId" : "did:sora:b34fcc2d0117c71cffcf#keys-1",
  "authTimestamp" : "2020-09-21T08:10:09.792Z"
}, {
  "referendumId" : "6b503cfd-168e-49dd-bf26-365ea6ae5e9f",
  "payload" : "POSThttps://s1.tst.sora.soramitsu.co.jp/project/v1/referendum/6b503cfd-168e-49dd-bf26-365ea6ae5e9f/support?votes=90341600677217873did:sora:b34fcc2d0117c71cffcfdid:sora:b34fcc2d0117c71cffcf#keys-1",
  "signatureHex" : "792656ff35e47972190a78bb58707a5675497894379f90e1b351dd3d36f8774bab614dc886bd022609adf8adbd1ee0d4b3408352ee44233242fa7ab32a9cd809",
  "isSupport" : true,
  "givenVotes" : 9034,
  "authId" : "did:sora:b34fcc2d0117c71cffcf",
  "publicKeyId" : "did:sora:b34fcc2d0117c71cffcf#keys-1",
  "authTimestamp" : "2020-09-21T08:33:37.873Z"
}, {
  "referendumId" : "6b503cfd-168e-49dd-bf26-365ea6ae5e9f",
  "payload" : "POSThttps://s1.tst.sora.soramitsu.co.jp/project/v1/referendum/6b503cfd-168e-49dd-bf26-365ea6ae5e9f/support?votes=101600677649774did:sora:cf24054b81059bb47bdcdid:sora:cf24054b81059bb47bdc#keys-1",
  "signatureHex" : "bf53ecabcbbca74752a369e1e19f4274d62ab6159e8cd5aca8cf55ecde8aae954408b843f63c135126e6b3c9c5084ac5fefb0a45a932c3c1da2eb16ce6058c0e",
  "isSupport" : true,
  "givenVotes" : 10,
  "authId" : "did:sora:cf24054b81059bb47bdc",
  "publicKeyId" : "did:sora:cf24054b81059bb47bdc#keys-1",
  "authTimestamp" : "2020-09-21T08:40:49.774Z"
}, {
  "referendumId" : "6b503cfd-168e-49dd-bf26-365ea6ae5e9f",
  "payload" : "POSThttps://s1.tst.sora.soramitsu.co.jp/project/v1/referendum/6b503cfd-168e-49dd-bf26-365ea6ae5e9f/oppose?votes=51600677938625did:sora:cf24054b81059bb47bdcdid:sora:cf24054b81059bb47bdc#keys-1",
  "signatureHex" : "dc11e1a4a100f6a3892c6dd1c812ce92531dc0cb4c4cb456a58a04726a6fa5d0e2eada3b3a3ad50d8725eb0ea74b1826e492f6475dd48b356847e91b9d5fe008",
  "isSupport" : false,
  "givenVotes" : 5,
  "authId" : "did:sora:cf24054b81059bb47bdc",
  "publicKeyId" : "did:sora:cf24054b81059bb47bdc#keys-1",
  "authTimestamp" : "2020-09-21T08:45:38.625Z"
}, {
  "referendumId" : "6b503cfd-168e-49dd-bf26-365ea6ae5e9f",
  "payload" : "POSThttps://s1.tst.sora.soramitsu.co.jp/project/v1/referendum/6b503cfd-168e-49dd-bf26-365ea6ae5e9f/support?votes=123821600678544744did:sora:7eea8621f46ca3c0ef40did:sora:7eea8621f46ca3c0ef40#keys-1",
  "signatureHex" : "04700cd4813f1cc71c1f36fa232227b66998cd40ad50ee6d31a8822020bd3cf0a3b4a9443c5971f89c4f13dbfddcbf75886c20d7b34afa53120833b1d003190e",
  "isSupport" : true,
  "givenVotes" : 12382,
  "authId" : "did:sora:7eea8621f46ca3c0ef40",
  "publicKeyId" : "did:sora:7eea8621f46ca3c0ef40#keys-1",
  "authTimestamp" : "2020-09-21T08:55:44.744Z"
}, {
  "referendumId" : "6b503cfd-168e-49dd-bf26-365ea6ae5e9f",
  "payload" : "POSThttps://s1.tst.sora.soramitsu.co.jp/project/v1/referendum/6b503cfd-168e-49dd-bf26-365ea6ae5e9f/support?votes=961600678760546did:sora:42007313538ca09b595edid:sora:42007313538ca09b595e#keys-1",
  "signatureHex" : "8ba959222f373151e63055995c951a800bfd77956121aabf002074eb97ded97961a8283f57357d1eee18bc3effdfd80906a97d6c090f6e95a11919c31d9ea209",
  "isSupport" : true,
  "givenVotes" : 96,
  "authId" : "did:sora:42007313538ca09b595e",
  "publicKeyId" : "did:sora:42007313538ca09b595e#keys-1",
  "authTimestamp" : "2020-09-21T08:59:20.546Z"
}, {
  "referendumId" : "6b503cfd-168e-49dd-bf26-365ea6ae5e9f",
  "payload" : "POSThttps://s1.tst.sora.soramitsu.co.jp/project/v1/referendum/6b503cfd-168e-49dd-bf26-365ea6ae5e9f/support?votes=2011600698395291did:sora:3f749ced8a2c63b23689did:sora:3f749ced8a2c63b23689#keys-1",
  "signatureHex" : "67125d3210f6fb2a694be869bcdc1f981c42a17e73840b3acdd1a2cf7f1f5192963d076bf76012fa9c3cc886fd111466c19cdf10a11c20f901efd33f78591000",
  "isSupport" : true,
  "givenVotes" : 201,
  "authId" : "did:sora:3f749ced8a2c63b23689",
  "publicKeyId" : "did:sora:3f749ced8a2c63b23689#keys-1",
  "authTimestamp" : "2020-09-21T14:26:35.291Z"
}, {
  "referendumId" : "6b503cfd-168e-49dd-bf26-365ea6ae5e9f",
  "payload" : "POSThttps://s1.tst.sora.soramitsu.co.jp/project/v1/referendum/6b503cfd-168e-49dd-bf26-365ea6ae5e9f/support?votes=381600700389764did:sora:d8efbe6989ef0164384fdid:sora:d8efbe6989ef0164384f#keys-1",
  "signatureHex" : "66ca2750494b9242cb85e02b459f5b85193926b955b52102740a6be46a34d155170071498629688e6e9a188d0e9fc417b2d662396a981d421a8c898566d71d07",
  "isSupport" : true,
  "givenVotes" : 38,
  "authId" : "did:sora:d8efbe6989ef0164384f",
  "publicKeyId" : "did:sora:d8efbe6989ef0164384f#keys-1",
  "authTimestamp" : "2020-09-21T14:59:49.764Z"
}, {
  "referendumId" : "6b503cfd-168e-49dd-bf26-365ea6ae5e9f",
  "payload" : "POSThttps://s1.tst.sora.soramitsu.co.jp/project/v1/referendum/6b503cfd-168e-49dd-bf26-365ea6ae5e9f/oppose?votes=61600700392451did:sora:d8efbe6989ef0164384fdid:sora:d8efbe6989ef0164384f#keys-1",
  "signatureHex" : "d493720cb8142e4631ab15652764a9ab9532f47a635af934bcf4c417ad84646fbc125fa30a9520cd3e278560c8c14cb96224cc98d48edbcb8bb2947614724e05",
  "isSupport" : false,
  "givenVotes" : 6,
  "authId" : "did:sora:d8efbe6989ef0164384f",
  "publicKeyId" : "did:sora:d8efbe6989ef0164384f#keys-1",
  "authTimestamp" : "2020-09-21T14:59:52.451Z"
}, {
  "referendumId" : "6b503cfd-168e-49dd-bf26-365ea6ae5e9f",
  "payload" : "POSThttps://s1.tst.sora.soramitsu.co.jp/project/v1/referendum/6b503cfd-168e-49dd-bf26-365ea6ae5e9f/support?votes=81600700395476did:sora:d8efbe6989ef0164384fdid:sora:d8efbe6989ef0164384f#keys-1",
  "signatureHex" : "0a67cd41824bfa8381397c1c22848dde0555f4fef52c538bae8a4b41bb0a13b41b07923840180f0cee0a24d69342b326855f1e66342c2b7a223ed4997279a905",
  "isSupport" : true,
  "givenVotes" : 8,
  "authId" : "did:sora:d8efbe6989ef0164384f",
  "publicKeyId" : "did:sora:d8efbe6989ef0164384f#keys-1",
  "authTimestamp" : "2020-09-21T14:59:55.476Z"
}, {
  "referendumId" : "6b503cfd-168e-49dd-bf26-365ea6ae5e9f",
  "payload" : "POSThttps://s1.tst.sora.soramitsu.co.jp/project/v1/referendum/6b503cfd-168e-49dd-bf26-365ea6ae5e9f/oppose?votes=31600700397833did:sora:d8efbe6989ef0164384fdid:sora:d8efbe6989ef0164384f#keys-1",
  "signatureHex" : "a8f63fce92c8d16435ac6b0fa8045efd694c97f205e69ce1ebc9e9bff0491210954c12408aa7b6b7f4b2617ae5710338606b6b1aa79e18029fad7689ed25110e",
  "isSupport" : false,
  "givenVotes" : 3,
  "authId" : "did:sora:d8efbe6989ef0164384f",
  "publicKeyId" : "did:sora:d8efbe6989ef0164384f#keys-1",
  "authTimestamp" : "2020-09-21T14:59:57.833Z"
}, {
  "referendumId" : "6b503cfd-168e-49dd-bf26-365ea6ae5e9f",
  "payload" : "POSThttps://s1.tst.sora.soramitsu.co.jp/project/v1/referendum/6b503cfd-168e-49dd-bf26-365ea6ae5e9f/support?votes=11600700402271did:sora:d8efbe6989ef0164384fdid:sora:d8efbe6989ef0164384f#keys-1",
  "signatureHex" : "1531d8aa9a336961ca339e365a389751de055a784d5bb020d1e1ed8a3358df1509c5b7f877e06502bde994063c89afd8ef61dbee8d3ed3d8035cff3b75496600",
  "isSupport" : true,
  "givenVotes" : 1,
  "authId" : "did:sora:d8efbe6989ef0164384f",
  "publicKeyId" : "did:sora:d8efbe6989ef0164384f#keys-1",
  "authTimestamp" : "2020-09-21T15:00:02.271Z"
}, {
  "referendumId" : "6b503cfd-168e-49dd-bf26-365ea6ae5e9f",
  "payload" : "POSThttps://s1.tst.sora.soramitsu.co.jp/project/v1/referendum/6b503cfd-168e-49dd-bf26-365ea6ae5e9f/support?votes=47201600686658596did:sora:b34fcc2d0117c71cffcfdid:sora:b34fcc2d0117c71cffcf#keys-1",
  "signatureHex" : "0c29c762e4eed1182533e73f137cb882af7c91169256758d043ff49f1e578f4e118592c29f09c247e2706598f020b7b609ac35733a35a7ed61e6b7465e3e820d",
  "isSupport" : true,
  "givenVotes" : 4720,
  "authId" : "did:sora:b34fcc2d0117c71cffcf",
  "publicKeyId" : "did:sora:b34fcc2d0117c71cffcf#keys-1",
  "authTimestamp" : "2020-09-21T11:10:58.596Z"
}, {
  "referendumId" : "6b503cfd-168e-49dd-bf26-365ea6ae5e9f",
  "payload" : "POSThttps://s1.tst.sora.soramitsu.co.jp/project/v1/referendum/6b503cfd-168e-49dd-bf26-365ea6ae5e9f/support?votes=11600688395685did:sora:cf24054b81059bb47bdcdid:sora:cf24054b81059bb47bdc#keys-1",
  "signatureHex" : "236605c77517ad3d313c7c900b41ee9fca58b082547197c95494d9e71b0a8767b5f85c4690e38b67543d4da80568057d27183947e56fb486d3ab2ac204112d0f",
  "isSupport" : true,
  "givenVotes" : 1,
  "authId" : "did:sora:cf24054b81059bb47bdc",
  "publicKeyId" : "did:sora:cf24054b81059bb47bdc#keys-1",
  "authTimestamp" : "2020-09-21T11:39:55.685Z"
}, {
  "referendumId" : "6b503cfd-168e-49dd-bf26-365ea6ae5e9f",
  "payload" : "POSThttps://s1.tst.sora.soramitsu.co.jp/project/v1/referendum/6b503cfd-168e-49dd-bf26-365ea6ae5e9f/support?votes=11600688638986did:sora:b34fcc2d0117c71cffcfdid:sora:b34fcc2d0117c71cffcf#keys-1",
  "signatureHex" : "f26ade11f0bb54bd9344ebc84e3bdd054337258184401ef191886088d58fddd5c78cf3316212bfca791d1ab9e6b69ce71e315a084b95b0b9198c382c6df1850c",
  "isSupport" : true,
  "givenVotes" : 1,
  "authId" : "did:sora:b34fcc2d0117c71cffcf",
  "publicKeyId" : "did:sora:b34fcc2d0117c71cffcf#keys-1",
  "authTimestamp" : "2020-09-21T11:43:58.986Z"
}, {
  "referendumId" : "6b503cfd-168e-49dd-bf26-365ea6ae5e9f",
  "payload" : "POSThttps://s1.tst.sora.soramitsu.co.jp/project/v1/referendum/6b503cfd-168e-49dd-bf26-365ea6ae5e9f/support?votes=11600688642959did:sora:b34fcc2d0117c71cffcfdid:sora:b34fcc2d0117c71cffcf#keys-1",
  "signatureHex" : "f8f7f3bdc02b48ad147c37e677f518dac0478a98414d8fe36bf3ab38359b01737cd68f48c8881eb00c3ef48a3e12826e7d6d5e42bc75aebe64c789975d60ac00",
  "isSupport" : true,
  "givenVotes" : 1,
  "authId" : "did:sora:b34fcc2d0117c71cffcf",
  "publicKeyId" : "did:sora:b34fcc2d0117c71cffcf#keys-1",
  "authTimestamp" : "2020-09-21T11:44:02.959Z"
}, {
  "referendumId" : "6b503cfd-168e-49dd-bf26-365ea6ae5e9f",
  "payload" : "POSThttps://s1.tst.sora.soramitsu.co.jp/project/v1/referendum/6b503cfd-168e-49dd-bf26-365ea6ae5e9f/oppose?votes=11600682381372did:sora:b34fcc2d0117c71cffcfdid:sora:b34fcc2d0117c71cffcf#keys-1",
  "signatureHex" : "229edc9cf5ebf14478686ef0f15fc51b128ca7bde78eda968136d1c4c46b49f3564416a2f53fe3141ef1a3473b39653ff38450bc41d339eb206b41845213930a",
  "isSupport" : false,
  "givenVotes" : 1,
  "authId" : "did:sora:b34fcc2d0117c71cffcf",
  "publicKeyId" : "did:sora:b34fcc2d0117c71cffcf#keys-1",
  "authTimestamp" : "2020-09-21T09:59:41.372Z"
}, {
  "referendumId" : "6b503cfd-168e-49dd-bf26-365ea6ae5e9f",
  "payload" : "POSThttps://s1.tst.sora.soramitsu.co.jp/project/v1/referendum/6b503cfd-168e-49dd-bf26-365ea6ae5e9f/support?votes=161600701438303did:sora:4146e33e8a1b6c4c4d00did:sora:4146e33e8a1b6c4c4d00#keys-1",
  "signatureHex" : "6b4cd3bdc989e0a48abf94636fb568fa64bc55642a1ab2416953efdee59b2dfff42196a3349db2618ce17d76ebce0878a0fa84c7a16d61012ed5d68d1f17c403",
  "isSupport" : true,
  "givenVotes" : 16,
  "authId" : "did:sora:4146e33e8a1b6c4c4d00",
  "publicKeyId" : "did:sora:4146e33e8a1b6c4c4d00#keys-1",
  "authTimestamp" : "2020-09-21T15:17:18.303Z"
}, {
  "referendumId" : "6b503cfd-168e-49dd-bf26-365ea6ae5e9f",
  "payload" : "POSThttps://s1.tst.sora.soramitsu.co.jp/project/v1/referendum/6b503cfd-168e-49dd-bf26-365ea6ae5e9f/support?votes=161600703267474did:sora:3835383a5d5781f33245did:sora:3835383a5d5781f33245#keys-1",
  "signatureHex" : "fe875aff754aa54a654d074a5c80912ca3ace2ece0c2ff7cfa4b9439f12cb51ae8ed1c73a2df263f3cbbc7266bef89033eefe2b5ff95825dfe63b4734f781101",
  "isSupport" : true,
  "givenVotes" : 16,
  "authId" : "did:sora:3835383a5d5781f33245",
  "publicKeyId" : "did:sora:3835383a5d5781f33245#keys-1",
  "authTimestamp" : "2020-09-21T15:47:47.474Z"
}, {
  "referendumId" : "6b503cfd-168e-49dd-bf26-365ea6ae5e9f",
  "payload" : "POSThttps://s1.tst.sora.soramitsu.co.jp/project/v1/referendum/6b503cfd-168e-49dd-bf26-365ea6ae5e9f/support?votes=131600695237778did:sora:5a5afc68e5a52d6bd2badid:sora:5a5afc68e5a52d6bd2ba#keys-1",
  "signatureHex" : "65132dc97551fe51d5b4fb844aa75c1f4ceb86d590a863db85dac2c3fda36e744232151330ce9329cad4e05d7621354882b36f9eebb97542391d4911ee734508",
  "isSupport" : true,
  "givenVotes" : 13,
  "authId" : "did:sora:5a5afc68e5a52d6bd2ba",
  "publicKeyId" : "did:sora:5a5afc68e5a52d6bd2ba#keys-1",
  "authTimestamp" : "2020-09-21T13:33:57.778Z"
}, {
  "referendumId" : "6b503cfd-168e-49dd-bf26-365ea6ae5e9f",
  "payload" : "POSThttps://s1.tst.sora.soramitsu.co.jp/project/v1/referendum/6b503cfd-168e-49dd-bf26-365ea6ae5e9f/support?votes=11600696055610did:sora:c7343c9c28077297879adid:sora:c7343c9c28077297879a#keys-1",
  "signatureHex" : "2bc8ed5f9fe5a1a24df9d4f95f28adf42c0306b238773f90b4c0065d225282f0ccab0852c51e0b311ea9242ba7c3921170e585eeca2fe4f34dbf6b9a8b374400",
  "isSupport" : true,
  "givenVotes" : 1,
  "authId" : "did:sora:c7343c9c28077297879a",
  "publicKeyId" : "did:sora:c7343c9c28077297879a#keys-1",
  "authTimestamp" : "2020-09-21T13:47:35.610Z"
}, {
  "referendumId" : "6b503cfd-168e-49dd-bf26-365ea6ae5e9f",
  "payload" : "POSThttps://s1.tst.sora.soramitsu.co.jp/project/v1/referendum/6b503cfd-168e-49dd-bf26-365ea6ae5e9f/oppose?votes=109831600682786031did:sora:a99eaab758d6c2c0143cdid:sora:a99eaab758d6c2c0143c#keys-1",
  "signatureHex" : "0c61be25b0340c250c6eccd0353305687603f4c27202d003071cebd2863b3bd6a0144a8f9ef1b4b044f920b9644d5e8e577ddefd4806732fa3faf4638418140b",
  "isSupport" : false,
  "givenVotes" : 10983,
  "authId" : "did:sora:a99eaab758d6c2c0143c",
  "publicKeyId" : "did:sora:a99eaab758d6c2c0143c#keys-1",
  "authTimestamp" : "2020-09-21T10:06:26.031Z"
}, {
  "referendumId" : "6b503cfd-168e-49dd-bf26-365ea6ae5e9f",
  "payload" : "POSThttps://s1.tst.sora.soramitsu.co.jp/project/v1/referendum/6b503cfd-168e-49dd-bf26-365ea6ae5e9f/oppose?votes=11600683847152did:sora:b70234fbb7fa2f2c99c8did:sora:b70234fbb7fa2f2c99c8#keys-1",
  "signatureHex" : "aad21588475f68ce00de568789250674217c3c04a805912595f3ccef58269b5472c78d5906624c0c7e4f3af559e8084d9ec839f17c316cd2256bef3724639a0a",
  "isSupport" : false,
  "givenVotes" : 1,
  "authId" : "did:sora:b70234fbb7fa2f2c99c8",
  "publicKeyId" : "did:sora:b70234fbb7fa2f2c99c8#keys-1",
  "authTimestamp" : "2020-09-21T10:24:07.152Z"
}, {
  "referendumId" : "6b503cfd-168e-49dd-bf26-365ea6ae5e9f",
  "payload" : "POSThttps://s1.tst.sora.soramitsu.co.jp/project/v1/referendum/6b503cfd-168e-49dd-bf26-365ea6ae5e9f/oppose?votes=11600683850199did:sora:b70234fbb7fa2f2c99c8did:sora:b70234fbb7fa2f2c99c8#keys-1",
  "signatureHex" : "66bb4701de9f41cbfc6a37962bc094c47cbc9d75578302baadf00ccdc5d2cc24eb63e45daaf17caebf490f02636eaf201b78c829263e4825e0e8d6797b78c306",
  "isSupport" : false,
  "givenVotes" : 1,
  "authId" : "did:sora:b70234fbb7fa2f2c99c8",
  "publicKeyId" : "did:sora:b70234fbb7fa2f2c99c8#keys-1",
  "authTimestamp" : "2020-09-21T10:24:10.199Z"
}, {
  "referendumId" : "6b503cfd-168e-49dd-bf26-365ea6ae5e9f",
  "payload" : "POSThttps://s1.tst.sora.soramitsu.co.jp/project/v1/referendum/6b503cfd-168e-49dd-bf26-365ea6ae5e9f/support?votes=11600683852900did:sora:b70234fbb7fa2f2c99c8did:sora:b70234fbb7fa2f2c99c8#keys-1",
  "signatureHex" : "5167a9ed5e3545395fae9e23a63ed93d79f38dc62a7d4ca191ce93a39f7666dc4bdc163c15528d1dbecce37cd3778da168578115fd6095abcd98324537eb3d0b",
  "isSupport" : true,
  "givenVotes" : 1,
  "authId" : "did:sora:b70234fbb7fa2f2c99c8",
  "publicKeyId" : "did:sora:b70234fbb7fa2f2c99c8#keys-1",
  "authTimestamp" : "2020-09-21T10:24:12.900Z"
}, {
  "referendumId" : "6b503cfd-168e-49dd-bf26-365ea6ae5e9f",
  "payload" : "POSThttps://s1.tst.sora.soramitsu.co.jp/project/v1/referendum/6b503cfd-168e-49dd-bf26-365ea6ae5e9f/support?votes=11600683854483did:sora:b70234fbb7fa2f2c99c8did:sora:b70234fbb7fa2f2c99c8#keys-1",
  "signatureHex" : "9905e71fe6ae9960f9d4286d62141a7e8f00f6e6d201526f0143f9e3b01bbbb133fa8e3772e2608731a4285a27a40297dcb397332dede3d9f5d8030731d74005",
  "isSupport" : true,
  "givenVotes" : 1,
  "authId" : "did:sora:b70234fbb7fa2f2c99c8",
  "publicKeyId" : "did:sora:b70234fbb7fa2f2c99c8#keys-1",
  "authTimestamp" : "2020-09-21T10:24:14.483Z"
}, {
  "referendumId" : "6b503cfd-168e-49dd-bf26-365ea6ae5e9f",
  "payload" : "POSThttps://s1.tst.sora.soramitsu.co.jp/project/v1/referendum/6b503cfd-168e-49dd-bf26-365ea6ae5e9f/support?votes=11600683983395did:sora:b70234fbb7fa2f2c99c8did:sora:b70234fbb7fa2f2c99c8#keys-1",
  "signatureHex" : "96645e0265130561fea9a121a4da1c8b8770579bb9b0994c456c0ca273b8f3a5e01a3bd6fec0f818718c14a95bef835a665eb3106e89ba24773b80080ceb4101",
  "isSupport" : true,
  "givenVotes" : 1,
  "authId" : "did:sora:b70234fbb7fa2f2c99c8",
  "publicKeyId" : "did:sora:b70234fbb7fa2f2c99c8#keys-1",
  "authTimestamp" : "2020-09-21T10:26:23.395Z"
}, {
  "referendumId" : "6b503cfd-168e-49dd-bf26-365ea6ae5e9f",
  "payload" : "POSThttps://s1.tst.sora.soramitsu.co.jp/project/v1/referendum/6b503cfd-168e-49dd-bf26-365ea6ae5e9f/support?votes=11600684009048did:sora:b70234fbb7fa2f2c99c8did:sora:b70234fbb7fa2f2c99c8#keys-1",
  "signatureHex" : "a56fa7e3d15794f5fd1282cb51075180db7cf744351460baf665eab9e8771d6c3935dffcd12b3917cc619c4544e203894c7a8190ff4feaf235bfe72efb23ee05",
  "isSupport" : true,
  "givenVotes" : 1,
  "authId" : "did:sora:b70234fbb7fa2f2c99c8",
  "publicKeyId" : "did:sora:b70234fbb7fa2f2c99c8#keys-1",
  "authTimestamp" : "2020-09-21T10:26:49.048Z"
}, {
  "referendumId" : "6b503cfd-168e-49dd-bf26-365ea6ae5e9f",
  "payload" : "POSThttps://s1.tst.sora.soramitsu.co.jp/project/v1/referendum/6b503cfd-168e-49dd-bf26-365ea6ae5e9f/support?votes=11600684011698did:sora:b70234fbb7fa2f2c99c8did:sora:b70234fbb7fa2f2c99c8#keys-1",
  "signatureHex" : "b683bd8b56976dd10204f90421c85e01ddff131ad388b4adfc96a389d54e19368b7324a799d015eb50768c3be09385098927b49740f79ee66c61eb456c77a40f",
  "isSupport" : true,
  "givenVotes" : 1,
  "authId" : "did:sora:b70234fbb7fa2f2c99c8",
  "publicKeyId" : "did:sora:b70234fbb7fa2f2c99c8#keys-1",
  "authTimestamp" : "2020-09-21T10:26:51.698Z"
}, {
  "referendumId" : "6b503cfd-168e-49dd-bf26-365ea6ae5e9f",
  "payload" : "POSThttps://s1.tst.sora.soramitsu.co.jp/project/v1/referendum/6b503cfd-168e-49dd-bf26-365ea6ae5e9f/support?votes=11600684013677did:sora:b70234fbb7fa2f2c99c8did:sora:b70234fbb7fa2f2c99c8#keys-1",
  "signatureHex" : "8a979a32280c31e600c1c58aff5a36d18d6ff7a4c958a5946adb7acc39340b07e6a25d03b2169792016dd50afc50710d5aaa1c5aabe1ca592e86da57d7fc4b08",
  "isSupport" : true,
  "givenVotes" : 1,
  "authId" : "did:sora:b70234fbb7fa2f2c99c8",
  "publicKeyId" : "did:sora:b70234fbb7fa2f2c99c8#keys-1",
  "authTimestamp" : "2020-09-21T10:26:53.677Z"
}, {
  "referendumId" : "6b503cfd-168e-49dd-bf26-365ea6ae5e9f",
  "payload" : "POSThttps://s1.tst.sora.soramitsu.co.jp/project/v1/referendum/6b503cfd-168e-49dd-bf26-365ea6ae5e9f/support?votes=54601600684017632did:sora:b70234fbb7fa2f2c99c8did:sora:b70234fbb7fa2f2c99c8#keys-1",
  "signatureHex" : "ec47ba6eb7bb28b409ed8e7b73dcf9f28260e47ccf684d3623efe184e848735eff1966e7179987a9ebf801248ec1d055453b901f4bdbf666f40f242ea5391d0f",
  "isSupport" : true,
  "givenVotes" : 5460,
  "authId" : "did:sora:b70234fbb7fa2f2c99c8",
  "publicKeyId" : "did:sora:b70234fbb7fa2f2c99c8#keys-1",
  "authTimestamp" : "2020-09-21T10:26:57.632Z"
}, {
  "referendumId" : "6b503cfd-168e-49dd-bf26-365ea6ae5e9f",
  "payload" : "POSThttps://s1.tst.sora.soramitsu.co.jp/project/v1/referendum/6b503cfd-168e-49dd-bf26-365ea6ae5e9f/oppose?votes=61601600684026513did:sora:b70234fbb7fa2f2c99c8did:sora:b70234fbb7fa2f2c99c8#keys-1",
  "signatureHex" : "358ef86d99da1a775812b5a4d8b034fd43955cbb886f31762c6a02de9c6a88436e7f01e5e05caf07f2d30cdab1a29c1b9f64edf49a5bd4cca052126c84982e0c",
  "isSupport" : false,
  "givenVotes" : 6160,
  "authId" : "did:sora:b70234fbb7fa2f2c99c8",
  "publicKeyId" : "did:sora:b70234fbb7fa2f2c99c8#keys-1",
  "authTimestamp" : "2020-09-21T10:27:06.513Z"
}, {
  "referendumId" : "6b503cfd-168e-49dd-bf26-365ea6ae5e9f",
  "payload" : "POSThttps://s1.tst.sora.soramitsu.co.jp/project/v1/referendum/6b503cfd-168e-49dd-bf26-365ea6ae5e9f/support?votes=881600684102210did:sora:b70234fbb7fa2f2c99c8did:sora:b70234fbb7fa2f2c99c8#keys-1",
  "signatureHex" : "8eaa9e3bcaa8e764d5a1e7ebb0b6a94548f58a9491f8a80afe5ea0a59cec9cfe433055c54983623e2f945c94c38796036c2e47bdd1b1cb5a388be3cd100cc108",
  "isSupport" : true,
  "givenVotes" : 88,
  "authId" : "did:sora:b70234fbb7fa2f2c99c8",
  "publicKeyId" : "did:sora:b70234fbb7fa2f2c99c8#keys-1",
  "authTimestamp" : "2020-09-21T10:28:22.210Z"
}, {
  "referendumId" : "6b503cfd-168e-49dd-bf26-365ea6ae5e9f",
  "payload" : "POSThttps://s1.tst.sora.soramitsu.co.jp/project/v1/referendum/6b503cfd-168e-49dd-bf26-365ea6ae5e9f/support?votes=7601600684121476did:sora:b70234fbb7fa2f2c99c8did:sora:b70234fbb7fa2f2c99c8#keys-1",
  "signatureHex" : "9397e64b6fedb1e333e0929d80fbb9aa1b479f8f71bc0fa07f00ad9d9ef0820a89477962453027af31193b86f4b5763974ee8ca84ea1644050fad1a951aae60b",
  "isSupport" : true,
  "givenVotes" : 760,
  "authId" : "did:sora:b70234fbb7fa2f2c99c8",
  "publicKeyId" : "did:sora:b70234fbb7fa2f2c99c8#keys-1",
  "authTimestamp" : "2020-09-21T10:28:41.476Z"
}, {
  "referendumId" : "6b503cfd-168e-49dd-bf26-365ea6ae5e9f",
  "payload" : "POSThttps://s1.tst.sora.soramitsu.co.jp/project/v1/referendum/6b503cfd-168e-49dd-bf26-365ea6ae5e9f/oppose?votes=259631600684139744did:sora:b70234fbb7fa2f2c99c8did:sora:b70234fbb7fa2f2c99c8#keys-1",
  "signatureHex" : "aff53a0a3b0011ed6abe6f9fbc3d4a8a1d1b0066d84eb5cef6b9fa22791d54ee31f71f30fc9dc11e50a285d66734e1a964e302186b842793c291cec4a06afb00",
  "isSupport" : false,
  "givenVotes" : 25963,
  "authId" : "did:sora:b70234fbb7fa2f2c99c8",
  "publicKeyId" : "did:sora:b70234fbb7fa2f2c99c8#keys-1",
  "authTimestamp" : "2020-09-21T10:28:59.744Z"
}, {
  "referendumId" : "6b503cfd-168e-49dd-bf26-365ea6ae5e9f",
  "payload" : "POSThttps://s1.tst.sora.soramitsu.co.jp/project/v1/referendum/6b503cfd-168e-49dd-bf26-365ea6ae5e9f/support?votes=3341600684972738did:sora:35dbe70424fe3d31abbadid:sora:35dbe70424fe3d31abba#keys-1",
  "signatureHex" : "244a17bbf5b68c5b340a9af9626ef27c00ca8380180faba9c539921dc0ba510e2ceff034f391d35502bdf55cd7e4f12e6e5cf723c2ced710680f794964461e0e",
  "isSupport" : true,
  "givenVotes" : 334,
  "authId" : "did:sora:35dbe70424fe3d31abba",
  "publicKeyId" : "did:sora:35dbe70424fe3d31abba#keys-1",
  "authTimestamp" : "2020-09-21T10:42:52.738Z"
}, {
  "referendumId" : "6b503cfd-168e-49dd-bf26-365ea6ae5e9f",
  "payload" : "POSThttps://s1.tst.sora.soramitsu.co.jp/project/v1/referendum/6b503cfd-168e-49dd-bf26-365ea6ae5e9f/support?votes=2261600685205169did:sora:35dbe70424fe3d31abbadid:sora:35dbe70424fe3d31abba#keys-1",
  "signatureHex" : "92ef9792d04fde1e7dc973d2979366893777fec0a9c6359faeedc7d426f3c821f8105729e568c191de01cc22bc16423dbd477520dd391eb45ae6566c34743409",
  "isSupport" : true,
  "givenVotes" : 226,
  "authId" : "did:sora:35dbe70424fe3d31abba",
  "publicKeyId" : "did:sora:35dbe70424fe3d31abba#keys-1",
  "authTimestamp" : "2020-09-21T10:46:45.169Z"
} ]